timestamp_ms,chunk_bytes,total_data_bytes,file_bytes,sequence,chunk_index,chunk_count,send_time_ms
0.000,8192,8192,65536,0,0,8,25014736
0.531,8192,16384,65536,0,1,8,25014736
0.896,8192,24576,65536,0,2,8,25014736
1.104,8192,32768,65536,0,3,8,25014736
1.309,8192,40960,65536,0,4,8,25014736
1.518,8192,49152,65536,0,5,8,25014736
1.722,8192,57344,65536,0,6,8,25014736
1.926,8192,65536,65536,0,7,8,25014736
1002.606,8192,73728,65536,1,0,8,25015738
1003.113,8192,81920,65536,1,1,8,25015738
1003.558,8192,90112,65536,1,2,8,25015738
1004.052,8192,98304,65536,1,3,8,25015738
1004.498,8192,106496,65536,1,4,8,25015738
1005.000,8192,114688,65536,1,5,8,25015738
1005.456,8192,122880,65536,1,6,8,25015738
1005.708,8192,131072,65536,1,7,8,25015738
2006.364,8192,139264,65536,2,0,8,25016742
2006.864,8192,147456,65536,2,1,8,25016742
2007.306,8192,155648,65536,2,2,8,25016742
2008.170,8192,163840,65536,2,3,8,25016742
2008.708,8192,172032,65536,2,4,8,25016742
2009.215,8192,180224,65536,2,5,8,25016742
2009.665,8192,188416,65536,2,6,8,25016742
2010.172,8192,196608,65536,2,7,8,25016742
3010.842,8192,204800,65536,3,0,8,25017746
3011.351,8192,212992,65536,3,1,8,25017746
3011.802,8192,221184,65536,3,2,8,25017746
3012.295,8192,229376,65536,3,3,8,25017746
3012.743,8192,237568,65536,3,4,8,25017746
3013.237,8192,245760,65536,3,5,8,25017746
3013.683,8192,253952,65536,3,6,8,25017746
3014.176,8192,262144,65536,3,7,8,25017746
4014.845,8192,270336,65536,4,0,8,25018750
4015.349,8192,278528,65536,4,1,8,25018750
4015.794,8192,286720,65536,4,2,8,25018750
4016.282,8192,294912,65536,4,3,8,25018750
4016.787,8192,303104,65536,4,4,8,25018750
4017.284,8192,311296,65536,4,5,8,25018750
4017.731,8192,319488,65536,4,6,8,25018750
4018.233,8192,327680,65536,4,7,8,25018750
5018.893,8192,335872,65536,5,0,8,25019755
5019.403,8192,344064,65536,5,1,8,25019755
5019.846,8192,352256,65536,5,2,8,25019755
5020.335,8192,360448,65536,5,3,8,25019755
5020.780,8192,368640,65536,5,4,8,25019755
5021.273,8192,376832,65536,5,5,8,25019755
5021.719,8192,385024,65536,5,6,8,25019755
5022.218,8192,393216,65536,5,7,8,25019755
6022.910,8192,401408,65536,6,0,8,25020759
6023.418,8192,409600,65536,6,1,8,25020759
6023.863,8192,417792,65536,6,2,8,25020759
6024.352,8192,425984,65536,6,3,8,25020759
6024.799,8192,434176,65536,6,4,8,25020759
6025.290,8192,442368,65536,6,5,8,25020759
6025.735,8192,450560,65536,6,6,8,25020759
6026.227,8192,458752,65536,6,7,8,25020759
7026.877,8192,466944,65536,7,0,8,25021763
7027.387,8192,475136,65536,7,1,8,25021763
7027.834,8192,483328,65536,7,2,8,25021763
7028.324,8192,491520,65536,7,3,8,25021763
7028.769,8192,499712,65536,7,4,8,25021763
7029.260,8192,507904,65536,7,5,8,25021763
7029.703,8192,516096,65536,7,6,8,25021763
7030.197,8192,524288,65536,7,7,8,25021763
8030.872,8192,532480,65536,8,0,8,25022766
8031.386,8192,540672,65536,8,1,8,25022766
8031.835,8192,548864,65536,8,2,8,25022766
8032.325,8192,557056,65536,8,3,8,25022766
8032.774,8192,565248,65536,8,4,8,25022766
8033.266,8192,573440,65536,8,5,8,25022766
8033.712,8192,581632,65536,8,6,8,25022766
8034.207,8192,589824,65536,8,7,8,25022766
9034.914,8192,598016,65536,9,0,8,25023771
9035.433,8192,606208,65536,9,1,8,25023771
9035.882,8192,614400,65536,9,2,8,25023771
9036.381,8192,622592,65536,9,3,8,25023771
9036.829,8192,630784,65536,9,4,8,25023771
9037.341,8192,638976,65536,9,5,8,25023771
9038.039,8192,647168,65536,9,6,8,25023771
9038.553,8192,655360,65536,9,7,8,25023771
10039.205,8192,663552,65536,10,0,8,25024775
10039.716,8192,671744,65536,10,1,8,25024775
10040.158,8192,679936,65536,10,2,8,25024775
10040.656,8192,688128,65536,10,3,8,25024775
10041.100,8192,696320,65536,10,4,8,25024775
10041.598,8192,704512,65536,10,5,8,25024775
10042.042,8192,712704,65536,10,6,8,25024775
10042.553,8192,720896,65536,10,7,8,25024775
11043.205,8192,729088,65536,11,0,8,25025779
11043.717,8192,737280,65536,11,1,8,25025779
11044.156,8192,745472,65536,11,2,8,25025779
11044.658,8192,753664,65536,11,3,8,25025779
11045.115,8192,761856,65536,11,4,8,25025779
11045.627,8192,770048,65536,11,5,8,25025779
11046.069,8192,778240,65536,11,6,8,25025779
11046.572,8192,786432,65536,11,7,8,25025779
12047.266,8192,794624,65536,12,0,8,25026783
12047.795,8192,802816,65536,12,1,8,25026783
12048.241,8192,811008,65536,12,2,8,25026783
12048.740,8192,819200,65536,12,3,8,25026783
12049.181,8192,827392,65536,12,4,8,25026783
12049.679,8192,835584,65536,12,5,8,25026783
12050.129,8192,843776,65536,12,6,8,25026783
12050.630,8192,851968,65536,12,7,8,25026783
13051.338,8192,860160,65536,13,0,8,25027787
13051.846,8192,868352,65536,13,1,8,25027787
13052.288,8192,876544,65536,13,2,8,25027787
13052.782,8192,884736,65536,13,3,8,25027787
13053.222,8192,892928,65536,13,4,8,25027787
13053.721,8192,901120,65536,13,5,8,25027787
13054.166,8192,909312,65536,13,6,8,25027787
13054.668,8192,917504,65536,13,7,8,25027787
14055.408,8192,925696,65536,14,0,8,25028791
14055.924,8192,933888,65536,14,1,8,25028791
14056.373,8192,942080,65536,14,2,8,25028791
14056.877,8192,950272,65536,14,3,8,25028791
14057.346,8192,958464,65536,14,4,8,25028791
14057.856,8192,966656,65536,14,5,8,25028791
14058.302,8192,974848,65536,14,6,8,25028791
14058.804,8192,983040,65536,14,7,8,25028791
15059.520,8192,991232,65536,15,0,8,25029795
15060.025,8192,999424,65536,15,1,8,25029795
15060.473,8192,1007616,65536,15,2,8,25029795
15061.027,8192,1015808,65536,15,3,8,25029795
15061.478,8192,1024000,65536,15,4,8,25029795
15061.973,8192,1032192,65536,15,5,8,25029795
15062.482,8192,1040384,65536,15,6,8,25029795
15062.995,8192,1048576,65536,15,7,8,25029795
16063.663,8192,1056768,65536,16,0,8,25030799
16064.185,8192,1064960,65536,16,1,8,25030799
16064.630,8192,1073152,65536,16,2,8,25030799
16065.124,8192,1081344,65536,16,3,8,25030799
16065.572,8192,1089536,65536,16,4,8,25030799
16066.065,8192,1097728,65536,16,5,8,25030799
16085.003,8192,1105920,65536,16,6,8,25030799
16085.550,8192,1114112,65536,16,7,8,25030799
17086.275,8192,1122304,65536,17,0,8,25031822
17086.788,8192,1130496,65536,17,1,8,25031822
17087.229,8192,1138688,65536,17,2,8,25031822
17087.726,8192,1146880,65536,17,3,8,25031822
17088.169,8192,1155072,65536,17,4,8,25031822
17088.666,8192,1163264,65536,17,5,8,25031822
17089.111,8192,1171456,65536,17,6,8,25031822
17089.616,8192,1179648,65536,17,7,8,25031822
18090.329,8192,1187840,65536,18,0,8,25032826
18090.840,8192,1196032,65536,18,1,8,25032826
18091.378,8192,1204224,65536,18,2,8,25032826
18091.922,8192,1212416,65536,18,3,8,25032826
18092.393,8192,1220608,65536,18,4,8,25032826
18092.903,8192,1228800,65536,18,5,8,25032826
18093.371,8192,1236992,65536,18,6,8,25032826
18096.770,8192,1245184,65536,18,7,8,25032826
19099.938,8192,1253376,65536,19,0,8,25033836
19100.449,8192,1261568,65536,19,1,8,25033836
19100.894,8192,1269760,65536,19,2,8,25033836
19101.392,8192,1277952,65536,19,3,8,25033836
19101.838,8192,1286144,65536,19,4,8,25033836
19102.329,8192,1294336,65536,19,5,8,25033836
19102.778,8192,1302528,65536,19,6,8,25033836
19103.271,8192,1310720,65536,19,7,8,25033836
20103.897,8192,1318912,65536,20,0,8,25034840
20104.408,8192,1327104,65536,20,1,8,25034840
20104.851,8192,1335296,65536,20,2,8,25034840
20105.341,8192,1343488,65536,20,3,8,25034840
20105.791,8192,1351680,65536,20,4,8,25034840
20106.284,8192,1359872,65536,20,5,8,25034840
20106.731,8192,1368064,65536,20,6,8,25034840
20107.229,8192,1376256,65536,20,7,8,25034840
21107.964,8192,1384448,65536,21,0,8,25035844
21108.477,8192,1392640,65536,21,1,8,25035844
21108.924,8192,1400832,65536,21,2,8,25035844
21109.421,8192,1409024,65536,21,3,8,25035844
21109.930,8192,1417216,65536,21,4,8,25035844
21110.533,8192,1425408,65536,21,5,8,25035844
21110.987,8192,1433600,65536,21,6,8,25035844
21111.489,8192,1441792,65536,21,7,8,25035844
22112.203,8192,1449984,65536,22,0,8,25036848
22112.721,8192,1458176,65536,22,1,8,25036848
22113.169,8192,1466368,65536,22,2,8,25036848
22113.833,8192,1474560,65536,22,3,8,25036848
22114.336,8192,1482752,65536,22,4,8,25036848
22114.833,8192,1490944,65536,22,5,8,25036848
22115.291,8192,1499136,65536,22,6,8,25036848
22115.889,8192,1507328,65536,22,7,8,25036848
23116.340,8192,1515520,65536,23,0,8,25037852
23116.589,8192,1523712,65536,23,1,8,25037852
23116.809,8192,1531904,65536,23,2,8,25037852
23117.039,8192,1540096,65536,23,3,8,25037852
23117.265,8192,1548288,65536,23,4,8,25037852
23117.490,8192,1556480,65536,23,5,8,25037852
23117.713,8192,1564672,65536,23,6,8,25037852
23117.939,8192,1572864,65536,23,7,8,25037852
24118.382,8192,1581056,65536,24,0,8,25038854
24118.634,8192,1589248,65536,24,1,8,25038854
24118.863,8192,1597440,65536,24,2,8,25038854
24119.091,8192,1605632,65536,24,3,8,25038854
24119.316,8192,1613824,65536,24,4,8,25038854
24119.553,8192,1622016,65536,24,5,8,25038854
24119.988,8192,1630208,65536,24,6,8,25038854
24120.256,8192,1638400,65536,24,7,8,25038854
25120.681,8192,1646592,65536,25,0,8,25039857
25120.922,8192,1654784,65536,25,1,8,25039857
25121.198,8192,1662976,65536,25,2,8,25039857
25121.428,8192,1671168,65536,25,3,8,25039857
25121.655,8192,1679360,65536,25,4,8,25039857
25121.879,8192,1687552,65536,25,5,8,25039857
25122.104,8192,1695744,65536,25,6,8,25039857
25122.327,8192,1703936,65536,25,7,8,25039857
26122.849,8192,1712128,65536,26,0,8,25040859
26123.286,8192,1720320,65536,26,1,8,25040859
26125.521,8192,1728512,65536,26,2,8,25040859
26125.817,8192,1736704,65536,26,3,8,25040859
26126.107,8192,1744896,65536,26,4,8,25040859
26126.432,8192,1753088,65536,26,5,8,25040859
26126.723,8192,1761280,65536,26,6,8,25040859
26127.012,8192,1769472,65536,26,7,8,25040859
27127.442,8192,1777664,65536,27,0,8,25041863
27127.683,8192,1785856,65536,27,1,8,25041863
27127.909,8192,1794048,65536,27,2,8,25041863
27128.134,8192,1802240,65536,27,3,8,25041863
27128.362,8192,1810432,65536,27,4,8,25041863
27128.586,8192,1818624,65536,27,5,8,25041863
27128.812,8192,1826816,65536,27,6,8,25041863
27129.032,8192,1835008,65536,27,7,8,25041863
28129.460,8192,1843200,65536,28,0,8,25042865
28129.703,8192,1851392,65536,28,1,8,25042865
28129.930,8192,1859584,65536,28,2,8,25042865
28130.157,8192,1867776,65536,28,3,8,25042865
28130.386,8192,1875968,65536,28,4,8,25042865
28130.612,8192,1884160,65536,28,5,8,25042865
28130.839,8192,1892352,65536,28,6,8,25042865
28131.068,8192,1900544,65536,28,7,8,25042865
29131.487,8192,1908736,65536,29,0,8,25043867
29131.746,8192,1916928,65536,29,1,8,25043867
29132.042,8192,1925120,65536,29,2,8,25043867
29132.328,8192,1933312,65536,29,3,8,25043867
29132.618,8192,1941504,65536,29,4,8,25043867
29132.880,8192,1949696,65536,29,5,8,25043867
29133.149,8192,1957888,65536,29,6,8,25043867
29133.397,8192,1966080,65536,29,7,8,25043867
30133.824,8192,1974272,65536,30,0,8,25044870
30134.064,8192,1982464,65536,30,1,8,25044870
30134.292,8192,1990656,65536,30,2,8,25044870
30134.569,8192,1998848,65536,30,3,8,25044870
30134.850,8192,2007040,65536,30,4,8,25044870
30135.078,8192,2015232,65536,30,5,8,25044870
30135.304,8192,2023424,65536,30,6,8,25044870
30135.530,8192,2031616,65536,30,7,8,25044870
31135.977,8192,2039808,65536,31,0,8,25045872
31136.212,8192,2048000,65536,31,1,8,25045872
31136.482,8192,2056192,65536,31,2,8,25045872
31136.755,8192,2064384,65536,31,3,8,25045872
31137.005,8192,2072576,65536,31,4,8,25045872
31137.256,8192,2080768,65536,31,5,8,25045872
31137.489,8192,2088960,65536,31,6,8,25045872
31137.717,8192,2097152,65536,31,7,8,25045872
32138.143,8192,2105344,65536,32,0,8,25046874
32138.386,8192,2113536,65536,32,1,8,25046874
32138.615,8192,2121728,65536,32,2,8,25046874
32138.838,8192,2129920,65536,32,3,8,25046874
32139.066,8192,2138112,65536,32,4,8,25046874
32139.293,8192,2146304,65536,32,5,8,25046874
32139.521,8192,2154496,65536,32,6,8,25046874
32139.747,8192,2162688,65536,32,7,8,25046874
33140.215,8192,2170880,65536,33,0,8,25047876
33140.520,8192,2179072,65536,33,1,8,25047876
33140.774,8192,2187264,65536,33,2,8,25047876
33141.038,8192,2195456,65536,33,3,8,25047876
33141.302,8192,2203648,65536,33,4,8,25047876
33141.547,8192,2211840,65536,33,5,8,25047876
33141.766,8192,2220032,65536,33,6,8,25047876
33142.014,8192,2228224,65536,33,7,8,25047876
34142.417,8192,2236416,65536,34,0,8,25048878
34142.658,8192,2244608,65536,34,1,8,25048878
34142.884,8192,2252800,65536,34,2,8,25048878
34143.110,8192,2260992,65536,34,3,8,25048878
34143.336,8192,2269184,65536,34,4,8,25048878
34143.562,8192,2277376,65536,34,5,8,25048878
34143.789,8192,2285568,65536,34,6,8,25048878
34144.013,8192,2293760,65536,34,7,8,25048878
35144.438,8192,2301952,65536,35,0,8,25049880
35144.707,8192,2310144,65536,35,1,8,25049880
35144.937,8192,2318336,65536,35,2,8,25049880
35145.165,8192,2326528,65536,35,3,8,25049880
35145.413,8192,2334720,65536,35,4,8,25049880
35145.669,8192,2342912,65536,35,5,8,25049880
35145.892,8192,2351104,65536,35,6,8,25049880
35146.117,8192,2359296,65536,35,7,8,25049880
36146.554,8192,2367488,65536,36,0,8,25050882
36146.844,8192,2375680,65536,36,1,8,25050882
36147.077,8192,2383872,65536,36,2,8,25050882
36147.304,8192,2392064,65536,36,3,8,25050882
36147.533,8192,2400256,65536,36,4,8,25050882
36147.762,8192,2408448,65536,36,5,8,25050882
36147.988,8192,2416640,65536,36,6,8,25050882
36148.217,8192,2424832,65536,36,7,8,25050882
37148.637,8192,2433024,65536,37,0,8,25051885
37148.876,8192,2441216,65536,37,1,8,25051885
37149.104,8192,2449408,65536,37,2,8,25051885
37149.335,8192,2457600,65536,37,3,8,25051885
37149.566,8192,2465792,65536,37,4,8,25051885
37149.789,8192,2473984,65536,37,5,8,25051885
37150.016,8192,2482176,65536,37,6,8,25051885
37150.240,8192,2490368,65536,37,7,8,25051885
38150.661,8192,2498560,65536,38,0,8,25052887
38150.903,8192,2506752,65536,38,1,8,25052887
38151.131,8192,2514944,65536,38,2,8,25052887
38151.357,8192,2523136,65536,38,3,8,25052887
38151.583,8192,2531328,65536,38,4,8,25052887
38151.809,8192,2539520,65536,38,5,8,25052887
38152.035,8192,2547712,65536,38,6,8,25052887
38152.261,8192,2555904,65536,38,7,8,25052887
39152.671,8192,2564096,65536,39,0,8,25053889
39152.909,8192,2572288,65536,39,1,8,25053889
39153.136,8192,2580480,65536,39,2,8,25053889
39153.381,8192,2588672,65536,39,3,8,25053889
39153.618,8192,2596864,65536,39,4,8,25053889
39153.843,8192,2605056,65536,39,5,8,25053889
39154.070,8192,2613248,65536,39,6,8,25053889
39154.296,8192,2621440,65536,39,7,8,25053889
40154.717,8192,2629632,65536,40,0,8,25054891
40154.962,8192,2637824,65536,40,1,8,25054891
40155.190,8192,2646016,65536,40,2,8,25054891
40155.420,8192,2654208,65536,40,3,8,25054891
40155.647,8192,2662400,65536,40,4,8,25054891
40155.872,8192,2670592,65536,40,5,8,25054891
40156.100,8192,2678784,65536,40,6,8,25054891
40156.324,8192,2686976,65536,40,7,8,25054891
41156.741,8192,2695168,65536,41,0,8,25055893
41156.982,8192,2703360,65536,41,1,8,25055893
41157.209,8192,2711552,65536,41,2,8,25055893
41157.438,8192,2719744,65536,41,3,8,25055893
41157.664,8192,2727936,65536,41,4,8,25055893
41157.891,8192,2736128,65536,41,5,8,25055893
41158.116,8192,2744320,65536,41,6,8,25055893
41158.349,8192,2752512,65536,41,7,8,25055893
42158.780,8192,2760704,65536,42,0,8,25056895
42159.020,8192,2768896,65536,42,1,8,25056895
42159.248,8192,2777088,65536,42,2,8,25056895
42159.477,8192,2785280,65536,42,3,8,25056895
42159.701,8192,2793472,65536,42,4,8,25056895
42159.929,8192,2801664,65536,42,5,8,25056895
42160.152,8192,2809856,65536,42,6,8,25056895
42160.396,8192,2818048,65536,42,7,8,25056895
43160.809,8192,2826240,65536,43,0,8,25057897
43161.048,8192,2834432,65536,43,1,8,25057897
43161.275,8192,2842624,65536,43,2,8,25057897
43161.505,8192,2850816,65536,43,3,8,25057897
43161.733,8192,2859008,65536,43,4,8,25057897
43161.958,8192,2867200,65536,43,5,8,25057897
43162.183,8192,2875392,65536,43,6,8,25057897
43162.453,8192,2883584,65536,43,7,8,25057897
44162.874,8192,2891776,65536,44,0,8,25058899
44163.113,8192,2899968,65536,44,1,8,25058899
44163.342,8192,2908160,65536,44,2,8,25058899
44163.580,8192,2916352,65536,44,3,8,25058899
44163.808,8192,2924544,65536,44,4,8,25058899
44164.038,8192,2932736,65536,44,5,8,25058899
44164.264,8192,2940928,65536,44,6,8,25058899
44168.373,8192,2949120,65536,44,7,8,25058899
45169.782,8192,2957312,65536,45,0,8,25059906
45170.024,8192,2965504,65536,45,1,8,25059906
45170.251,8192,2973696,65536,45,2,8,25059906
45170.485,8192,2981888,65536,45,3,8,25059906
45170.712,8192,2990080,65536,45,4,8,25059906
45170.940,8192,2998272,65536,45,5,8,25059906
45171.167,8192,3006464,65536,45,6,8,25059906
45171.399,8192,3014656,65536,45,7,8,25059906
46171.824,8192,3022848,65536,46,0,8,25060908
46172.071,8192,3031040,65536,46,1,8,25060908
46172.300,8192,3039232,65536,46,2,8,25060908
46172.529,8192,3047424,65536,46,3,8,25060908
46172.755,8192,3055616,65536,46,4,8,25060908
46172.981,8192,3063808,65536,46,5,8,25060908
46173.207,8192,3072000,65536,46,6,8,25060908
46173.435,8192,3080192,65536,46,7,8,25060908
47173.852,8192,3088384,65536,47,0,8,25061910
47174.097,8192,3096576,65536,47,1,8,25061910
47174.325,8192,3104768,65536,47,2,8,25061910
47174.555,8192,3112960,65536,47,3,8,25061910
47174.781,8192,3121152,65536,47,4,8,25061910
47175.008,8192,3129344,65536,47,5,8,25061910
47175.235,8192,3137536,65536,47,6,8,25061910
47175.466,8192,3145728,65536,47,7,8,25061910
48175.879,8192,3153920,65536,48,0,8,25062912
48176.120,8192,3162112,65536,48,1,8,25062912
48176.347,8192,3170304,65536,48,2,8,25062912
48176.576,8192,3178496,65536,48,3,8,25062912
48176.802,8192,3186688,65536,48,4,8,25062912
48177.029,8192,3194880,65536,48,5,8,25062912
48177.256,8192,3203072,65536,48,6,8,25062912
48177.486,8192,3211264,65536,48,7,8,25062912
49177.909,8192,3219456,65536,49,0,8,25063914
49178.165,8192,3227648,65536,49,1,8,25063914
49178.396,8192,3235840,65536,49,2,8,25063914
49178.624,8192,3244032,65536,49,3,8,25063914
49178.851,8192,3252224,65536,49,4,8,25063914
49179.078,8192,3260416,65536,49,5,8,25063914
49179.305,8192,3268608,65536,49,6,8,25063914
49179.533,8192,3276800,65536,49,7,8,25063914
50179.949,8192,3284992,65536,50,0,8,25064916
50180.191,8192,3293184,65536,50,1,8,25064916
50180.436,8192,3301376,65536,50,2,8,25064916
50180.695,8192,3309568,65536,50,3,8,25064916
50180.925,8192,3317760,65536,50,4,8,25064916
50181.154,8192,3325952,65536,50,5,8,25064916
50181.386,8192,3334144,65536,50,6,8,25064916
50181.617,8192,3342336,65536,50,7,8,25064916
51182.025,8192,3350528,65536,51,0,8,25065918
51182.266,8192,3358720,65536,51,1,8,25065918
51182.496,8192,3366912,65536,51,2,8,25065918
51182.721,8192,3375104,65536,51,3,8,25065918
51182.948,8192,3383296,65536,51,4,8,25065918
51183.175,8192,3391488,65536,51,5,8,25065918
51183.404,8192,3399680,65536,51,6,8,25065918
51183.634,8192,3407872,65536,51,7,8,25065918
52184.046,8192,3416064,65536,52,0,8,25066920
52184.290,8192,3424256,65536,52,1,8,25066920
52184.519,8192,3432448,65536,52,2,8,25066920
52184.749,8192,3440640,65536,52,3,8,25066920
52184.977,8192,3448832,65536,52,4,8,25066920
52185.203,8192,3457024,65536,52,5,8,25066920
52185.432,8192,3465216,65536,52,6,8,25066920
52185.661,8192,3473408,65536,52,7,8,25066920
53186.077,8192,3481600,65536,53,0,8,25067922
53186.320,8192,3489792,65536,53,1,8,25067922
53186.553,8192,3497984,65536,53,2,8,25067922
53186.839,8192,3506176,65536,53,3,8,25067922
53187.076,8192,3514368,65536,53,4,8,25067922
53187.306,8192,3522560,65536,53,5,8,25067922
53187.577,8192,3530752,65536,53,6,8,25067922
53187.813,8192,3538944,65536,53,7,8,25067922
54188.225,8192,3547136,65536,54,0,8,25068924
54188.470,8192,3555328,65536,54,1,8,25068924
54188.698,8192,3563520,65536,54,2,8,25068924
54188.926,8192,3571712,65536,54,3,8,25068924
54189.152,8192,3579904,65536,54,4,8,25068924
54189.380,8192,3588096,65536,54,5,8,25068924
54189.609,8192,3596288,65536,54,6,8,25068924
54189.835,8192,3604480,65536,54,7,8,25068924
55190.248,8192,3612672,65536,55,0,8,25069926
55190.494,8192,3620864,65536,55,1,8,25069926
55190.721,8192,3629056,65536,55,2,8,25069926
55190.949,8192,3637248,65536,55,3,8,25069926
55191.176,8192,3645440,65536,55,4,8,25069926
55191.412,8192,3653632,65536,55,5,8,25069926
55191.640,8192,3661824,65536,55,6,8,25069926
55191.866,8192,3670016,65536,55,7,8,25069926
56192.274,8192,3678208,65536,56,0,8,25070928
56192.517,8192,3686400,65536,56,1,8,25070928
56192.747,8192,3694592,65536,56,2,8,25070928
56192.977,8192,3702784,65536,56,3,8,25070928
56193.203,8192,3710976,65536,56,4,8,25070928
56193.494,8192,3719168,65536,56,5,8,25070928
56193.723,8192,3727360,65536,56,6,8,25070928
56193.949,8192,3735552,65536,56,7,8,25070928
57194.374,8192,3743744,65536,57,0,8,25071930
57194.619,8192,3751936,65536,57,1,8,25071930
57194.848,8192,3760128,65536,57,2,8,25071930
57195.078,8192,3768320,65536,57,3,8,25071930
57195.307,8192,3776512,65536,57,4,8,25071930
57195.540,8192,3784704,65536,57,5,8,25071930
57195.772,8192,3792896,65536,57,6,8,25071930
57196.000,8192,3801088,65536,57,7,8,25071930
58196.426,8192,3809280,65536,58,0,8,25072932
58196.701,8192,3817472,65536,58,1,8,25072932
58196.931,8192,3825664,65536,58,2,8,25072932
58197.160,8192,3833856,65536,58,3,8,25072932
58197.390,8192,3842048,65536,58,4,8,25072932
58197.620,8192,3850240,65536,58,5,8,25072932
58197.849,8192,3858432,65536,58,6,8,25072932
58198.078,8192,3866624,65536,58,7,8,25072932
59198.505,8192,3874816,65536,59,0,8,25073934
59198.747,8192,3883008,65536,59,1,8,25073934
59198.983,8192,3891200,65536,59,2,8,25073934
59199.221,8192,3899392,65536,59,3,8,25073934
59199.456,8192,3907584,65536,59,4,8,25073934
59199.683,8192,3915776,65536,59,5,8,25073934
59199.913,8192,3923968,65536,59,6,8,25073934
59200.140,8192,3932160,65536,59,7,8,25073934
60200.573,8192,3940352,65536,60,0,8,25074936
60200.816,8192,3948544,65536,60,1,8,25074936
60201.045,8192,3956736,65536,60,2,8,25074936
60201.273,8192,3964928,65536,60,3,8,25074936
60201.503,8192,3973120,65536,60,4,8,25074936
60201.729,8192,3981312,65536,60,5,8,25074936
60201.958,8192,3989504,65536,60,6,8,25074936
60202.186,8192,3997696,65536,60,7,8,25074936
61202.601,8192,4005888,65536,61,0,8,25075938
61202.844,8192,4014080,65536,61,1,8,25075938
61203.074,8192,4022272,65536,61,2,8,25075938
61203.302,8192,4030464,65536,61,3,8,25075938
61203.537,8192,4038656,65536,61,4,8,25075938
61203.766,8192,4046848,65536,61,5,8,25075938
61203.994,8192,4055040,65536,61,6,8,25075938
61204.224,8192,4063232,65536,61,7,8,25075938
62204.650,8192,4071424,65536,62,0,8,25076941
62204.894,8192,4079616,65536,62,1,8,25076941
62205.121,8192,4087808,65536,62,2,8,25076941
62205.351,8192,4096000,65536,62,3,8,25076941
62205.581,8192,4104192,65536,62,4,8,25076941
62205.808,8192,4112384,65536,62,5,8,25076941
62206.039,8192,4120576,65536,62,6,8,25076941
62206.270,8192,4128768,65536,62,7,8,25076941
63206.681,8192,4136960,65536,63,0,8,25077943
63206.924,8192,4145152,65536,63,1,8,25077943
63207.154,8192,4153344,65536,63,2,8,25077943
63207.386,8192,4161536,65536,63,3,8,25077943
63207.613,8192,4169728,65536,63,4,8,25077943
63207.840,8192,4177920,65536,63,5,8,25077943
63208.070,8192,4186112,65536,63,6,8,25077943
63208.298,8192,4194304,65536,63,7,8,25077943
64208.717,8192,4202496,65536,64,0,8,25078945
64208.960,8192,4210688,65536,64,1,8,25078945
64209.191,8192,4218880,65536,64,2,8,25078945
64209.423,8192,4227072,65536,64,3,8,25078945
64209.650,8192,4235264,65536,64,4,8,25078945
64209.880,8192,4243456,65536,64,5,8,25078945
64210.110,8192,4251648,65536,64,6,8,25078945
64210.338,8192,4259840,65536,64,7,8,25078945
65210.767,8192,4268032,65536,65,0,8,25079947
65211.014,8192,4276224,65536,65,1,8,25079947
65211.242,8192,4284416,65536,65,2,8,25079947
65211.475,8192,4292608,65536,65,3,8,25079947
65211.701,8192,4300800,65536,65,4,8,25079947
65211.930,8192,4308992,65536,65,5,8,25079947
65212.158,8192,4317184,65536,65,6,8,25079947
65212.390,8192,4325376,65536,65,7,8,25079947
66212.813,8192,4333568,65536,66,0,8,25080949
66213.058,8192,4341760,65536,66,1,8,25080949
66213.285,8192,4349952,65536,66,2,8,25080949
66213.541,8192,4358144,65536,66,3,8,25080949
66213.771,8192,4366336,65536,66,4,8,25080949
66214.000,8192,4374528,65536,66,5,8,25080949
66214.227,8192,4382720,65536,66,6,8,25080949
66214.460,8192,4390912,65536,66,7,8,25080949
67214.880,8192,4399104,65536,67,0,8,25081951
67215.123,8192,4407296,65536,67,1,8,25081951
67215.352,8192,4415488,65536,67,2,8,25081951
67215.586,8192,4423680,65536,67,3,8,25081951
67215.815,8192,4431872,65536,67,4,8,25081951
67216.093,8192,4440064,65536,67,5,8,25081951
67216.327,8192,4448256,65536,67,6,8,25081951
67216.561,8192,4456448,65536,67,7,8,25081951
68216.971,8192,4464640,65536,68,0,8,25082953
68217.216,8192,4472832,65536,68,1,8,25082953
68217.451,8192,4481024,65536,68,2,8,25082953
68217.681,8192,4489216,65536,68,3,8,25082953
68217.911,8192,4497408,65536,68,4,8,25082953
68218.140,8192,4505600,65536,68,5,8,25082953
68218.372,8192,4513792,65536,68,6,8,25082953
68218.602,8192,4521984,65536,68,7,8,25082953
69219.027,8192,4530176,65536,69,0,8,25083955
69219.272,8192,4538368,65536,69,1,8,25083955
69219.506,8192,4546560,65536,69,2,8,25083955
69219.733,8192,4554752,65536,69,3,8,25083955
69219.963,8192,4562944,65536,69,4,8,25083955
69220.190,8192,4571136,65536,69,5,8,25083955
69220.422,8192,4579328,65536,69,6,8,25083955
69220.650,8192,4587520,65536,69,7,8,25083955
70221.072,8192,4595712,65536,70,0,8,25084957
70221.315,8192,4603904,65536,70,1,8,25084957
70221.547,8192,4612096,65536,70,2,8,25084957
70221.778,8192,4620288,65536,70,3,8,25084957
70222.008,8192,4628480,65536,70,4,8,25084957
70222.236,8192,4636672,65536,70,5,8,25084957
70222.468,8192,4644864,65536,70,6,8,25084957
70222.696,8192,4653056,65536,70,7,8,25084957
71223.120,8192,4661248,65536,71,0,8,25085959
71223.365,8192,4669440,65536,71,1,8,25085959
71223.593,8192,4677632,65536,71,2,8,25085959
71223.822,8192,4685824,65536,71,3,8,25085959
71224.050,8192,4694016,65536,71,4,8,25085959
71224.279,8192,4702208,65536,71,5,8,25085959
71224.510,8192,4710400,65536,71,6,8,25085959
71224.738,8192,4718592,65536,71,7,8,25085959
72225.160,8192,4726784,65536,72,0,8,25086961
72225.410,8192,4734976,65536,72,1,8,25086961
72225.640,8192,4743168,65536,72,2,8,25086961
72225.868,8192,4751360,65536,72,3,8,25086961
72226.100,8192,4759552,65536,72,4,8,25086961
72226.328,8192,4767744,65536,72,5,8,25086961
72226.557,8192,4775936,65536,72,6,8,25086961
72226.785,8192,4784128,65536,72,7,8,25086961
73227.210,8192,4792320,65536,73,0,8,25087963
73227.457,8192,4800512,65536,73,1,8,25087963
73227.688,8192,4808704,65536,73,2,8,25087963
73227.921,8192,4816896,65536,73,3,8,25087963
73228.162,8192,4825088,65536,73,4,8,25087963
73228.406,8192,4833280,65536,73,5,8,25087963
73228.639,8192,4841472,65536,73,6,8,25087963
73228.871,8192,4849664,65536,73,7,8,25087963
74229.294,8192,4857856,65536,74,0,8,25088965
74229.538,8192,4866048,65536,74,1,8,25088965
74229.768,8192,4874240,65536,74,2,8,25088965
74229.996,8192,4882432,65536,74,3,8,25088965
74230.225,8192,4890624,65536,74,4,8,25088965
74230.456,8192,4898816,65536,74,5,8,25088965
74230.687,8192,4907008,65536,74,6,8,25088965
74230.917,8192,4915200,65536,74,7,8,25088965
75231.346,8192,4923392,65536,75,0,8,25089967
75231.597,8192,4931584,65536,75,1,8,25089967
75231.827,8192,4939776,65536,75,2,8,25089967
75232.058,8192,4947968,65536,75,3,8,25089967
75232.318,8192,4956160,65536,75,4,8,25089967
75232.564,8192,4964352,65536,75,5,8,25089967
75232.792,8192,4972544,65536,75,6,8,25089967
75233.025,8192,4980736,65536,75,7,8,25089967
76233.453,8192,4988928,65536,76,0,8,25090969
76233.698,8192,4997120,65536,76,1,8,25090969
76233.930,8192,5005312,65536,76,2,8,25090969
76234.158,8192,5013504,65536,76,3,8,25090969
76234.391,8192,5021696,65536,76,4,8,25090969
76234.622,8192,5029888,65536,76,5,8,25090969
76234.850,8192,5038080,65536,76,6,8,25090969
76235.082,8192,5046272,65536,76,7,8,25090969
77235.503,8192,5054464,65536,77,0,8,25091971
77235.769,8192,5062656,65536,77,1,8,25091971
77236.007,8192,5070848,65536,77,2,8,25091971
77236.237,8192,5079040,65536,77,3,8,25091971
77236.470,8192,5087232,65536,77,4,8,25091971
77236.703,8192,5095424,65536,77,5,8,25091971
77236.935,8192,5103616,65536,77,6,8,25091971
77237.167,8192,5111808,65536,77,7,8,25091971
78237.581,8192,5120000,65536,78,0,8,25092973
78237.826,8192,5128192,65536,78,1,8,25092973
78238.061,8192,5136384,65536,78,2,8,25092973
78238.295,8192,5144576,65536,78,3,8,25092973
78238.529,8192,5152768,65536,78,4,8,25092973
78238.824,8192,5160960,65536,78,5,8,25092973
78239.077,8192,5169152,65536,78,6,8,25092973
78239.308,8192,5177344,65536,78,7,8,25092973
79239.679,8192,5185536,65536,79,0,8,25093976
79239.896,8192,5193728,65536,79,1,8,25093976
79240.103,8192,5201920,65536,79,2,8,25093976
79240.309,8192,5210112,65536,79,3,8,25093976
79240.518,8192,5218304,65536,79,4,8,25093976
79240.725,8192,5226496,65536,79,5,8,25093976
79240.930,8192,5234688,65536,79,6,8,25093976
79241.143,8192,5242880,65536,79,7,8,25093976
80241.510,8192,5251072,65536,80,0,8,25094977
80241.725,8192,5259264,65536,80,1,8,25094977
80241.931,8192,5267456,65536,80,2,8,25094977
80242.135,8192,5275648,65536,80,3,8,25094977
80242.340,8192,5283840,65536,80,4,8,25094977
80242.547,8192,5292032,65536,80,5,8,25094977
80242.753,8192,5300224,65536,80,6,8,25094977
80242.958,8192,5308416,65536,80,7,8,25094977
81243.318,8192,5316608,65536,81,0,8,25095979
81243.543,8192,5324800,65536,81,1,8,25095979
81243.747,8192,5332992,65536,81,2,8,25095979
81243.950,8192,5341184,65536,81,3,8,25095979
81244.152,8192,5349376,65536,81,4,8,25095979
81244.356,8192,5357568,65536,81,5,8,25095979
81244.559,8192,5365760,65536,81,6,8,25095979
81244.760,8192,5373952,65536,81,7,8,25095979
82245.405,8192,5382144,65536,82,0,8,25096981
82245.924,8192,5390336,65536,82,1,8,25096981
82246.370,8192,5398528,65536,82,2,8,25096981
82246.864,8192,5406720,65536,82,3,8,25096981
82247.309,8192,5414912,65536,82,4,8,25096981
82247.808,8192,5423104,65536,82,5,8,25096981
82248.255,8192,5431296,65536,82,6,8,25096981
82248.762,8192,5439488,65536,82,7,8,25096981
83249.436,8192,5447680,65536,83,0,8,25097985
83249.943,8192,5455872,65536,83,1,8,25097985
83250.429,8192,5464064,65536,83,2,8,25097985
83250.988,8192,5472256,65536,83,3,8,25097985
83251.443,8192,5480448,65536,83,4,8,25097985
83251.936,8192,5488640,65536,83,5,8,25097985
83252.381,8192,5496832,65536,83,6,8,25097985
83252.879,8192,5505024,65536,83,7,8,25097985
84253.528,8192,5513216,65536,84,0,8,25098989
84254.033,8192,5521408,65536,84,1,8,25098989
84254.476,8192,5529600,65536,84,2,8,25098989
84254.969,8192,5537792,65536,84,3,8,25098989
84255.474,8192,5545984,65536,84,4,8,25098989
84256.003,8192,5554176,65536,84,5,8,25098989
84256.460,8192,5562368,65536,84,6,8,25098989
84256.962,8192,5570560,65536,84,7,8,25098989
85257.664,8192,5578752,65536,85,0,8,25099993
85258.179,8192,5586944,65536,85,1,8,25099993
85258.630,8192,5595136,65536,85,2,8,25099993
85259.124,8192,5603328,65536,85,3,8,25099993
85259.573,8192,5611520,65536,85,4,8,25099993
85260.069,8192,5619712,65536,85,5,8,25099993
85260.521,8192,5627904,65536,85,6,8,25099993
85261.016,8192,5636096,65536,85,7,8,25099993
86261.662,8192,5644288,65536,86,0,8,25100997
86262.170,8192,5652480,65536,86,1,8,25100997
86262.619,8192,5660672,65536,86,2,8,25100997
86263.122,8192,5668864,65536,86,3,8,25100997
86263.583,8192,5677056,65536,86,4,8,25100997
86264.074,8192,5685248,65536,86,5,8,25100997
86264.526,8192,5693440,65536,86,6,8,25100997
86265.022,8192,5701632,65536,86,7,8,25100997
87265.687,8192,5709824,65536,87,0,8,25102001
87266.192,8192,5718016,65536,87,1,8,25102001
87266.638,8192,5726208,65536,87,2,8,25102001
87267.131,8192,5734400,65536,87,3,8,25102001
87267.578,8192,5742592,65536,87,4,8,25102001
87268.071,8192,5750784,65536,87,5,8,25102001
87268.518,8192,5758976,65536,87,6,8,25102001
87269.016,8192,5767168,65536,87,7,8,25102001
88269.684,8192,5775360,65536,88,0,8,25103005
88270.186,8192,5783552,65536,88,1,8,25103005
88270.634,8192,5791744,65536,88,2,8,25103005
88271.128,8192,5799936,65536,88,3,8,25103005
88271.576,8192,5808128,65536,88,4,8,25103005
88272.068,8192,5816320,65536,88,5,8,25103005
88272.516,8192,5824512,65536,88,6,8,25103005
88273.036,8192,5832704,65536,88,7,8,25103005
89273.687,8192,5840896,65536,89,0,8,25104009
89274.223,8192,5849088,65536,89,1,8,25104009
89274.737,8192,5857280,65536,89,2,8,25104009
89277.140,8192,5865472,65536,89,3,8,25104009
89277.687,8192,5873664,65536,89,4,8,25104009
89278.215,8192,5881856,65536,89,5,8,25104009
89278.666,8192,5890048,65536,89,6,8,25104009
89279.160,8192,5898240,65536,89,7,8,25104009
90279.810,8192,5906432,65536,90,0,8,25105015
90280.311,8192,5914624,65536,90,1,8,25105015
90280.757,8192,5922816,65536,90,2,8,25105015
90281.245,8192,5931008,65536,90,3,8,25105015
90281.693,8192,5939200,65536,90,4,8,25105015
90282.184,8192,5947392,65536,90,5,8,25105015
90282.647,8192,5955584,65536,90,6,8,25105015
90284.049,8192,5963776,65536,90,7,8,25105015
91284.708,8192,5971968,65536,91,0,8,25106020
91285.210,8192,5980160,65536,91,1,8,25106020
91285.657,8192,5988352,65536,91,2,8,25106020
91286.152,8192,5996544,65536,91,3,8,25106020
91286.597,8192,6004736,65536,91,4,8,25106020
91287.092,8192,6012928,65536,91,5,8,25106020
91287.541,8192,6021120,65536,91,6,8,25106020
91288.038,8192,6029312,65536,91,7,8,25106020
92288.684,8192,6037504,65536,92,0,8,25107024
92289.198,8192,6045696,65536,92,1,8,25107024
92289.643,8192,6053888,65536,92,2,8,25107024
92290.136,8192,6062080,65536,92,3,8,25107024
92290.579,8192,6070272,65536,92,4,8,25107024
92291.071,8192,6078464,65536,92,5,8,25107024
92291.519,8192,6086656,65536,92,6,8,25107024
92292.012,8192,6094848,65536,92,7,8,25107024
93292.670,8192,6103040,65536,93,0,8,25108028
93293.176,8192,6111232,65536,93,1,8,25108028
93293.629,8192,6119424,65536,93,2,8,25108028
93294.124,8192,6127616,65536,93,3,8,25108028
93294.574,8192,6135808,65536,93,4,8,25108028
93295.066,8192,6144000,65536,93,5,8,25108028
93295.516,8192,6152192,65536,93,6,8,25108028
93296.014,8192,6160384,65536,93,7,8,25108028
94296.668,8192,6168576,65536,94,0,8,25109032
94297.179,8192,6176768,65536,94,1,8,25109032
94297.629,8192,6184960,65536,94,2,8,25109032
94298.135,8192,6193152,65536,94,3,8,25109032
94298.598,8192,6201344,65536,94,4,8,25109032
94299.095,8192,6209536,65536,94,5,8,25109032
94299.553,8192,6217728,65536,94,6,8,25109032
94300.051,8192,6225920,65536,94,7,8,25109032
95300.736,8192,6234112,65536,95,0,8,25110036
95301.242,8192,6242304,65536,95,1,8,25110036
95301.690,8192,6250496,65536,95,2,8,25110036
95302.183,8192,6258688,65536,95,3,8,25110036
95302.634,8192,6266880,65536,95,4,8,25110036
95303.124,8192,6275072,65536,95,5,8,25110036
95303.575,8192,6283264,65536,95,6,8,25110036
95304.071,8192,6291456,65536,95,7,8,25110036
96304.734,8192,6299648,65536,96,0,8,25111040
96305.241,8192,6307840,65536,96,1,8,25111040
96305.686,8192,6316032,65536,96,2,8,25111040
96306.182,8192,6324224,65536,96,3,8,25111040
96306.626,8192,6332416,65536,96,4,8,25111040
96307.123,8192,6340608,65536,96,5,8,25111040
96307.572,8192,6348800,65536,96,6,8,25111040
96308.068,8192,6356992,65536,96,7,8,25111040
97308.736,8192,6365184,65536,97,0,8,25112044
97309.243,8192,6373376,65536,97,1,8,25112044
97309.695,8192,6381568,65536,97,2,8,25112044
97310.189,8192,6389760,65536,97,3,8,25112044
97310.639,8192,6397952,65536,97,4,8,25112044
97311.133,8192,6406144,65536,97,5,8,25112044
97311.584,8192,6414336,65536,97,6,8,25112044
97312.079,8192,6422528,65536,97,7,8,25112044
98312.794,8192,6430720,65536,98,0,8,25113048
98313.301,8192,6438912,65536,98,1,8,25113048
98313.749,8192,6447104,65536,98,2,8,25113048
98314.239,8192,6455296,65536,98,3,8,25113048
98314.685,8192,6463488,65536,98,4,8,25113048
98315.180,8192,6471680,65536,98,5,8,25113048
98315.629,8192,6479872,65536,98,6,8,25113048
98316.137,8192,6488064,65536,98,7,8,25113048
99316.833,8192,6496256,65536,99,0,8,25114052
99317.368,8192,6504448,65536,99,1,8,25114052
99317.811,8192,6512640,65536,99,2,8,25114052
99318.371,8192,6520832,65536,99,3,8,25114052
99318.821,8192,6529024,65536,99,4,8,25114052
99319.317,8192,6537216,65536,99,5,8,25114052
99319.765,8192,6545408,65536,99,6,8,25114052
99320.263,8192,6553600,65536,99,7,8,25114052
100320.908,8192,6561792,65536,100,0,8,25115057
100321.424,8192,6569984,65536,100,1,8,25115057
100321.870,8192,6578176,65536,100,2,8,25115057
100322.365,8192,6586368,65536,100,3,8,25115057
100322.812,8192,6594560,65536,100,4,8,25115057
100323.306,8192,6602752,65536,100,5,8,25115057
100323.753,8192,6610944,65536,100,6,8,25115057
100324.249,8192,6619136,65536,100,7,8,25115057
101324.921,8192,6627328,65536,101,0,8,25116061
101325.434,8192,6635520,65536,101,1,8,25116061
101325.880,8192,6643712,65536,101,2,8,25116061
101326.439,8192,6651904,65536,101,3,8,25116061
101327.056,8192,6660096,65536,101,4,8,25116061
101327.573,8192,6668288,65536,101,5,8,25116061
101328.020,8192,6676480,65536,101,6,8,25116061
101328.519,8192,6684672,65536,101,7,8,25116061
102329.902,8192,6692864,65536,102,0,8,25117065
102330.508,8192,6701056,65536,102,1,8,25117065
102330.962,8192,6709248,65536,102,2,8,25117065
102331.458,8192,6717440,65536,102,3,8,25117065
102331.904,8192,6725632,65536,102,4,8,25117065
102332.403,8192,6733824,65536,102,5,8,25117065
102332.851,8192,6742016,65536,102,6,8,25117065
102333.346,8192,6750208,65536,102,7,8,25117065
103334.055,8192,6758400,65536,103,0,8,25118070
103334.675,8192,6766592,65536,103,1,8,25118070
103335.133,8192,6774784,65536,103,2,8,25118070
103335.630,8192,6782976,65536,103,3,8,25118070
103336.076,8192,6791168,65536,103,4,8,25118070
103336.576,8192,6799360,65536,103,5,8,25118070
103337.022,8192,6807552,65536,103,6,8,25118070
103339.819,8192,6815744,65536,103,7,8,25118070
104340.539,8192,6823936,65536,104,0,8,25119076
104341.049,8192,6832128,65536,104,1,8,25119076
104341.495,8192,6840320,65536,104,2,8,25119076
104341.986,8192,6848512,65536,104,3,8,25119076
104342.434,8192,6856704,65536,104,4,8,25119076
104342.932,8192,6864896,65536,104,5,8,25119076
104343.382,8192,6873088,65536,104,6,8,25119076
104343.877,8192,6881280,65536,104,7,8,25119076
105344.326,8192,6889472,65536,105,0,8,25120080
105344.569,8192,6897664,65536,105,1,8,25120080
105344.793,8192,6905856,65536,105,2,8,25120080
105345.014,8192,6914048,65536,105,3,8,25120080
105345.236,8192,6922240,65536,105,4,8,25120080
105345.459,8192,6930432,65536,105,5,8,25120080
105345.682,8192,6938624,65536,105,6,8,25120080
105345.902,8192,6946816,65536,105,7,8,25120080
106346.364,8192,6955008,65536,106,0,8,25121082
106346.607,8192,6963200,65536,106,1,8,25121082
106346.833,8192,6971392,65536,106,2,8,25121082
106347.055,8192,6979584,65536,106,3,8,25121082
106347.276,8192,6987776,65536,106,4,8,25121082
106347.501,8192,6995968,65536,106,5,8,25121082
106347.721,8192,7004160,65536,106,6,8,25121082
106347.942,8192,7012352,65536,106,7,8,25121082
107348.390,8192,7020544,65536,107,0,8,25122084
107348.630,8192,7028736,65536,107,1,8,25122084
107348.853,8192,7036928,65536,107,2,8,25122084
107349.077,8192,7045120,65536,107,3,8,25122084
107349.300,8192,7053312,65536,107,4,8,25122084
107349.527,8192,7061504,65536,107,5,8,25122084
107349.749,8192,7069696,65536,107,6,8,25122084
107349.974,8192,7077888,65536,107,7,8,25122084
108350.437,8192,7086080,65536,108,0,8,25123086
108350.675,8192,7094272,65536,108,1,8,25123086
108350.899,8192,7102464,65536,108,2,8,25123086
108351.121,8192,7110656,65536,108,3,8,25123086
108351.342,8192,7118848,65536,108,4,8,25123086
108351.567,8192,7127040,65536,108,5,8,25123086
108351.789,8192,7135232,65536,108,6,8,25123086
108352.013,8192,7143424,65536,108,7,8,25123086
109352.463,8192,7151616,65536,109,0,8,25124088
109352.699,8192,7159808,65536,109,1,8,25124088
109352.961,8192,7168000,65536,109,2,8,25124088
109353.188,8192,7176192,65536,109,3,8,25124088
109353.415,8192,7184384,65536,109,4,8,25124088
109353.638,8192,7192576,65536,109,5,8,25124088
109353.858,8192,7200768,65536,109,6,8,25124088
109354.080,8192,7208960,65536,109,7,8,25124088
110354.502,8192,7217152,65536,110,0,8,25125090
110354.739,8192,7225344,65536,110,1,8,25125090
110354.963,8192,7233536,65536,110,2,8,25125090
110355.184,8192,7241728,65536,110,3,8,25125090
110355.407,8192,7249920,65536,110,4,8,25125090
110355.628,8192,7258112,65536,110,5,8,25125090
110355.848,8192,7266304,65536,110,6,8,25125090
110356.069,8192,7274496,65536,110,7,8,25125090
111356.487,8192,7282688,65536,111,0,8,25126092
111356.721,8192,7290880,65536,111,1,8,25126092
111356.944,8192,7299072,65536,111,2,8,25126092
111357.164,8192,7307264,65536,111,3,8,25126092
111357.388,8192,7315456,65536,111,4,8,25126092
111357.610,8192,7323648,65536,111,5,8,25126092
111357.829,8192,7331840,65536,111,6,8,25126092
111358.051,8192,7340032,65536,111,7,8,25126092
112358.473,8192,7348224,65536,112,0,8,25127094
112358.708,8192,7356416,65536,112,1,8,25127094
112358.931,8192,7364608,65536,112,2,8,25127094
112359.152,8192,7372800,65536,112,3,8,25127094
112359.376,8192,7380992,65536,112,4,8,25127094
112359.597,8192,7389184,65536,112,5,8,25127094
112359.819,8192,7397376,65536,112,6,8,25127094
112360.039,8192,7405568,65536,112,7,8,25127094
113360.450,8192,7413760,65536,113,0,8,25128096
113360.685,8192,7421952,65536,113,1,8,25128096
113360.908,8192,7430144,65536,113,2,8,25128096
113361.131,8192,7438336,65536,113,3,8,25128096
113361.351,8192,7446528,65536,113,4,8,25128096
113361.576,8192,7454720,65536,113,5,8,25128096
113361.798,8192,7462912,65536,113,6,8,25128096
113362.018,8192,7471104,65536,113,7,8,25128096
114362.432,8192,7479296,65536,114,0,8,25129098
114362.679,8192,7487488,65536,114,1,8,25129098
114362.913,8192,7495680,65536,114,2,8,25129098
114363.161,8192,7503872,65536,114,3,8,25129098
114363.398,8192,7512064,65536,114,4,8,25129098
114363.617,8192,7520256,65536,114,5,8,25129098
114363.836,8192,7528448,65536,114,6,8,25129098
114364.059,8192,7536640,65536,114,7,8,25129098
115364.490,8192,7544832,65536,115,0,8,25130100
115364.723,8192,7553024,65536,115,1,8,25130100
115364.945,8192,7561216,65536,115,2,8,25130100
115365.165,8192,7569408,65536,115,3,8,25130100
115365.389,8192,7577600,65536,115,4,8,25130100
115365.610,8192,7585792,65536,115,5,8,25130100
115365.829,8192,7593984,65536,115,6,8,25130100
115366.048,8192,7602176,65536,115,7,8,25130100
116366.464,8192,7610368,65536,116,0,8,25131102
116366.696,8192,7618560,65536,116,1,8,25131102
116366.918,8192,7626752,65536,116,2,8,25131102
116367.139,8192,7634944,65536,116,3,8,25131102
116367.361,8192,7643136,65536,116,4,8,25131102
116367.583,8192,7651328,65536,116,5,8,25131102
116367.800,8192,7659520,65536,116,6,8,25131102
116368.021,8192,7667712,65536,116,7,8,25131102
117368.436,8192,7675904,65536,117,0,8,25132104
117368.668,8192,7684096,65536,117,1,8,25132104
117368.892,8192,7692288,65536,117,2,8,25132104
117369.112,8192,7700480,65536,117,3,8,25132104
117369.334,8192,7708672,65536,117,4,8,25132104
117369.559,8192,7716864,65536,117,5,8,25132104
117369.777,8192,7725056,65536,117,6,8,25132104
117369.998,8192,7733248,65536,117,7,8,25132104
118370.406,8192,7741440,65536,118,0,8,25133106
118370.643,8192,7749632,65536,118,1,8,25133106
118370.862,8192,7757824,65536,118,2,8,25133106
118371.083,8192,7766016,65536,118,3,8,25133106
118371.303,8192,7774208,65536,118,4,8,25133106
118371.528,8192,7782400,65536,118,5,8,25133106
118371.748,8192,7790592,65536,118,6,8,25133106
118371.970,8192,7798784,65536,118,7,8,25133106
119372.383,8192,7806976,65536,119,0,8,25134108
119372.618,8192,7815168,65536,119,1,8,25134108
119372.837,8192,7823360,65536,119,2,8,25134108
119373.061,8192,7831552,65536,119,3,8,25134108
119373.279,8192,7839744,65536,119,4,8,25134108
119373.503,8192,7847936,65536,119,5,8,25134108
119373.723,8192,7856128,65536,119,6,8,25134108
119373.945,8192,7864320,65536,119,7,8,25134108
120374.365,8192,7872512,65536,120,0,8,25135110
120374.603,8192,7880704,65536,120,1,8,25135110
120374.824,8192,7888896,65536,120,2,8,25135110
120375.045,8192,7897088,65536,120,3,8,25135110
120375.266,8192,7905280,65536,120,4,8,25135110
120375.491,8192,7913472,65536,120,5,8,25135110
120375.714,8192,7921664,65536,120,6,8,25135110
120375.936,8192,7929856,65536,120,7,8,25135110
121376.364,8192,7938048,65536,121,0,8,25136112
121376.601,8192,7946240,65536,121,1,8,25136112
121376.824,8192,7954432,65536,121,2,8,25136112
121377.045,8192,7962624,65536,121,3,8,25136112
121377.268,8192,7970816,65536,121,4,8,25136112
121377.491,8192,7979008,65536,121,5,8,25136112
121377.713,8192,7987200,65536,121,6,8,25136112
121377.934,8192,7995392,65536,121,7,8,25136112
122378.346,8192,8003584,65536,122,0,8,25137114
122378.585,8192,8011776,65536,122,1,8,25137114
122378.808,8192,8019968,65536,122,2,8,25137114
122379.029,8192,8028160,65536,122,3,8,25137114
122379.252,8192,8036352,65536,122,4,8,25137114
122379.477,8192,8044544,65536,122,5,8,25137114
122379.697,8192,8052736,65536,122,6,8,25137114
122379.918,8192,8060928,65536,122,7,8,25137114
123380.362,8192,8069120,65536,123,0,8,25138116
123380.598,8192,8077312,65536,123,1,8,25138116
123380.823,8192,8085504,65536,123,2,8,25138116
123381.043,8192,8093696,65536,123,3,8,25138116
123381.266,8192,8101888,65536,123,4,8,25138116
123381.544,8192,8110080,65536,123,5,8,25138116
123381.777,8192,8118272,65536,123,6,8,25138116
123381.999,8192,8126464,65536,123,7,8,25138116
124382.436,8192,8134656,65536,124,0,8,25139118
124382.671,8192,8142848,65536,124,1,8,25139118
124382.899,8192,8151040,65536,124,2,8,25139118
124383.177,8192,8159232,65536,124,3,8,25139118
124383.406,8192,8167424,65536,124,4,8,25139118
124383.628,8192,8175616,65536,124,5,8,25139118
124383.848,8192,8183808,65536,124,6,8,25139118
124384.069,8192,8192000,65536,124,7,8,25139118
125384.487,8192,8200192,65536,125,0,8,25140120
125384.732,8192,8208384,65536,125,1,8,25140120
125384.956,8192,8216576,65536,125,2,8,25140120
125385.176,8192,8224768,65536,125,3,8,25140120
125385.401,8192,8232960,65536,125,4,8,25140120
125385.624,8192,8241152,65536,125,5,8,25140120
125385.844,8192,8249344,65536,125,6,8,25140120
125386.067,8192,8257536,65536,125,7,8,25140120
126386.497,8192,8265728,65536,126,0,8,25141122
126386.734,8192,8273920,65536,126,1,8,25141122
126386.957,8192,8282112,65536,126,2,8,25141122
126387.177,8192,8290304,65536,126,3,8,25141122
126387.402,8192,8298496,65536,126,4,8,25141122
126387.624,8192,8306688,65536,126,5,8,25141122
126387.844,8192,8314880,65536,126,6,8,25141122
126388.066,8192,8323072,65536,126,7,8,25141122
127388.493,8192,8331264,65536,127,0,8,25142124
127388.727,8192,8339456,65536,127,1,8,25142124
127388.950,8192,8347648,65536,127,2,8,25142124
127389.173,8192,8355840,65536,127,3,8,25142124
127389.397,8192,8364032,65536,127,4,8,25142124
127389.618,8192,8372224,65536,127,5,8,25142124
127389.838,8192,8380416,65536,127,6,8,25142124
127390.060,8192,8388608,65536,127,7,8,25142124
128390.477,8192,8396800,65536,128,0,8,25143126
128390.710,8192,8404992,65536,128,1,8,25143126
128390.932,8192,8413184,65536,128,2,8,25143126
128391.154,8192,8421376,65536,128,3,8,25143126
128391.377,8192,8429568,65536,128,4,8,25143126
128391.599,8192,8437760,65536,128,5,8,25143126
128391.820,8192,8445952,65536,128,6,8,25143126
128392.041,8192,8454144,65536,128,7,8,25143126
129392.451,8192,8462336,65536,129,0,8,25144128
129392.687,8192,8470528,65536,129,1,8,25144128
129392.910,8192,8478720,65536,129,2,8,25144128
129393.132,8192,8486912,65536,129,3,8,25144128
129393.352,8192,8495104,65536,129,4,8,25144128
129393.577,8192,8503296,65536,129,5,8,25144128
129393.799,8192,8511488,65536,129,6,8,25144128
129394.019,8192,8519680,65536,129,7,8,25144128
130394.487,8192,8527872,65536,130,0,8,25145130
130394.747,8192,8536064,65536,130,1,8,25145130
130394.972,8192,8544256,65536,130,2,8,25145130
130395.195,8192,8552448,65536,130,3,8,25145130
130395.422,8192,8560640,65536,130,4,8,25145130
130395.644,8192,8568832,65536,130,5,8,25145130
130395.864,8192,8577024,65536,130,6,8,25145130
130396.087,8192,8585216,65536,130,7,8,25145130
131396.536,8192,8593408,65536,131,0,8,25146132
131396.790,8192,8601600,65536,131,1,8,25146132
131397.026,8192,8609792,65536,131,2,8,25146132
131397.246,8192,8617984,65536,131,3,8,25146132
131397.494,8192,8626176,65536,131,4,8,25146132
131397.725,8192,8634368,65536,131,5,8,25146132
131397.948,8192,8642560,65536,131,6,8,25146132
131398.169,8192,8650752,65536,131,7,8,25146132
132398.594,8192,8658944,65536,132,0,8,25147134
132398.834,8192,8667136,65536,132,1,8,25147134
132399.060,8192,8675328,65536,132,2,8,25147134
132399.282,8192,8683520,65536,132,3,8,25147134
132399.518,8192,8691712,65536,132,4,8,25147134
132399.740,8192,8699904,65536,132,5,8,25147134
132399.962,8192,8708096,65536,132,6,8,25147134
132400.186,8192,8716288,65536,132,7,8,25147134
133400.597,8192,8724480,65536,133,0,8,25148136
133400.832,8192,8732672,65536,133,1,8,25148136
133401.058,8192,8740864,65536,133,2,8,25148136
133401.281,8192,8749056,65536,133,3,8,25148136
133401.506,8192,8757248,65536,133,4,8,25148136
133401.726,8192,8765440,65536,133,5,8,25148136
133401.949,8192,8773632,65536,133,6,8,25148136
133402.170,8192,8781824,65536,133,7,8,25148136
134402.594,8192,8790016,65536,134,0,8,25149138
134402.832,8192,8798208,65536,134,1,8,25149138
134403.054,8192,8806400,65536,134,2,8,25149138
134403.278,8192,8814592,65536,134,3,8,25149138
134403.503,8192,8822784,65536,134,4,8,25149138
134403.726,8192,8830976,65536,134,5,8,25149138
134403.949,8192,8839168,65536,134,6,8,25149138
134404.173,8192,8847360,65536,134,7,8,25149138
135404.591,8192,8855552,65536,135,0,8,25150140
135404.826,8192,8863744,65536,135,1,8,25150140
135405.051,8192,8871936,65536,135,2,8,25150140
135405.273,8192,8880128,65536,135,3,8,25150140
135405.499,8192,8888320,65536,135,4,8,25150140
135405.722,8192,8896512,65536,135,5,8,25150140
135405.943,8192,8904704,65536,135,6,8,25150140
135406.166,8192,8912896,65536,135,7,8,25150140
136406.586,8192,8921088,65536,136,0,8,25151142
136406.828,8192,8929280,65536,136,1,8,25151142
136407.049,8192,8937472,65536,136,2,8,25151142
136407.272,8192,8945664,65536,136,3,8,25151142
136407.564,8192,8953856,65536,136,4,8,25151142
136407.794,8192,8962048,65536,136,5,8,25151142
136408.018,8192,8970240,65536,136,6,8,25151142
136408.239,8192,8978432,65536,136,7,8,25151142
137408.649,8192,8986624,65536,137,0,8,25152145
137408.885,8192,8994816,65536,137,1,8,25152145
137409.111,8192,9003008,65536,137,2,8,25152145
137409.333,8192,9011200,65536,137,3,8,25152145
137409.559,8192,9019392,65536,137,4,8,25152145
137409.780,8192,9027584,65536,137,5,8,25152145
137410.002,8192,9035776,65536,137,6,8,25152145
137410.223,8192,9043968,65536,137,7,8,25152145
138410.642,8192,9052160,65536,138,0,8,25153147
138410.881,8192,9060352,65536,138,1,8,25153147
138411.108,8192,9068544,65536,138,2,8,25153147
138411.332,8192,9076736,65536,138,3,8,25153147
138411.564,8192,9084928,65536,138,4,8,25153147
138411.789,8192,9093120,65536,138,5,8,25153147
138412.010,8192,9101312,65536,138,6,8,25153147
138412.276,8192,9109504,65536,138,7,8,25153147
139412.661,8192,9117696,65536,139,0,8,25154149
139412.899,8192,9125888,65536,139,1,8,25154149
139413.125,8192,9134080,65536,139,2,8,25154149
139413.390,8192,9142272,65536,139,3,8,25154149
139413.617,8192,9150464,65536,139,4,8,25154149
139413.882,8192,9158656,65536,139,5,8,25154149
139414.118,8192,9166848,65536,139,6,8,25154149
139414.361,8192,9175040,65536,139,7,8,25154149
140414.778,8192,9183232,65536,140,0,8,25155151
140415.014,8192,9191424,65536,140,1,8,25155151
140415.239,8192,9199616,65536,140,2,8,25155151
140415.464,8192,9207808,65536,140,3,8,25155151
140415.688,8192,9216000,65536,140,4,8,25155151
140415.912,8192,9224192,65536,140,5,8,25155151
140416.131,8192,9232384,65536,140,6,8,25155151
140416.358,8192,9240576,65536,140,7,8,25155151
141416.767,8192,9248768,65536,141,0,8,25156153
141417.003,8192,9256960,65536,141,1,8,25156153
141417.224,8192,9265152,65536,141,2,8,25156153
141417.448,8192,9273344,65536,141,3,8,25156153
141417.671,8192,9281536,65536,141,4,8,25156153
141417.895,8192,9289728,65536,141,5,8,25156153
141418.117,8192,9297920,65536,141,6,8,25156153
141418.341,8192,9306112,65536,141,7,8,25156153
142418.756,8192,9314304,65536,142,0,8,25157155
142418.991,8192,9322496,65536,142,1,8,25157155
142419.226,8192,9330688,65536,142,2,8,25157155
142419.466,8192,9338880,65536,142,3,8,25157155
142419.689,8192,9347072,65536,142,4,8,25157155
142419.913,8192,9355264,65536,142,5,8,25157155
142420.136,8192,9363456,65536,142,6,8,25157155
142420.362,8192,9371648,65536,142,7,8,25157155
143420.768,8192,9379840,65536,143,0,8,25158157
143421.003,8192,9388032,65536,143,1,8,25158157
143421.229,8192,9396224,65536,143,2,8,25158157
143421.456,8192,9404416,65536,143,3,8,25158157
143421.680,8192,9412608,65536,143,4,8,25158157
143421.902,8192,9420800,65536,143,5,8,25158157
143422.126,8192,9428992,65536,143,6,8,25158157
143422.348,8192,9437184,65536,143,7,8,25158157
144422.760,8192,9445376,65536,144,0,8,25159159
144422.996,8192,9453568,65536,144,1,8,25159159
144423.219,8192,9461760,65536,144,2,8,25159159
144423.447,8192,9469952,65536,144,3,8,25159159
144423.671,8192,9478144,65536,144,4,8,25159159
144423.892,8192,9486336,65536,144,5,8,25159159
144424.116,8192,9494528,65536,144,6,8,25159159
144424.341,8192,9502720,65536,144,7,8,25159159
145424.755,8192,9510912,65536,145,0,8,25160161
145424.995,8192,9519104,65536,145,1,8,25160161
145425.219,8192,9527296,65536,145,2,8,25160161
145425.445,8192,9535488,65536,145,3,8,25160161
145425.669,8192,9543680,65536,145,4,8,25160161
145425.892,8192,9551872,65536,145,5,8,25160161
145426.116,8192,9560064,65536,145,6,8,25160161
145426.338,8192,9568256,65536,145,7,8,25160161
146426.751,8192,9576448,65536,146,0,8,25161163
146426.988,8192,9584640,65536,146,1,8,25161163
146427.212,8192,9592832,65536,146,2,8,25161163
146427.437,8192,9601024,65536,146,3,8,25161163
146427.661,8192,9609216,65536,146,4,8,25161163
146427.883,8192,9617408,65536,146,5,8,25161163
146428.107,8192,9625600,65536,146,6,8,25161163
146428.331,8192,9633792,65536,146,7,8,25161163
147428.748,8192,9641984,65536,147,0,8,25162165
147428.995,8192,9650176,65536,147,1,8,25162165
147429.220,8192,9658368,65536,147,2,8,25162165
147429.448,8192,9666560,65536,147,3,8,25162165
147429.672,8192,9674752,65536,147,4,8,25162165
147429.894,8192,9682944,65536,147,5,8,25162165
147430.118,8192,9691136,65536,147,6,8,25162165
147430.342,8192,9699328,65536,147,7,8,25162165
148430.761,8192,9707520,65536,148,0,8,25163167
148431.001,8192,9715712,65536,148,1,8,25163167
148431.227,8192,9723904,65536,148,2,8,25163167
148431.453,8192,9732096,65536,148,3,8,25163167
148431.675,8192,9740288,65536,148,4,8,25163167
148431.899,8192,9748480,65536,148,5,8,25163167
148432.120,8192,9756672,65536,148,6,8,25163167
148432.343,8192,9764864,65536,148,7,8,25163167
149432.760,8192,9773056,65536,149,0,8,25164169
149432.997,8192,9781248,65536,149,1,8,25164169
149433.220,8192,9789440,65536,149,2,8,25164169
149433.449,8192,9797632,65536,149,3,8,25164169
149433.671,8192,9805824,65536,149,4,8,25164169
149433.895,8192,9814016,65536,149,5,8,25164169
149434.120,8192,9822208,65536,149,6,8,25164169
149434.342,8192,9830400,65536,149,7,8,25164169
150434.756,8192,9838592,65536,150,0,8,25165171
150434.995,8192,9846784,65536,150,1,8,25165171
150435.217,8192,9854976,65536,150,2,8,25165171
150435.447,8192,9863168,65536,150,3,8,25165171
150435.671,8192,9871360,65536,150,4,8,25165171
150435.897,8192,9879552,65536,150,5,8,25165171
150436.118,8192,9887744,65536,150,6,8,25165171
150436.341,8192,9895936,65536,150,7,8,25165171
151436.759,8192,9904128,65536,151,0,8,25166173
151436.996,8192,9912320,65536,151,1,8,25166173
151437.221,8192,9920512,65536,151,2,8,25166173
151437.449,8192,9928704,65536,151,3,8,25166173
151437.673,8192,9936896,65536,151,4,8,25166173
151437.896,8192,9945088,65536,151,5,8,25166173
151438.120,8192,9953280,65536,151,6,8,25166173
151438.345,8192,9961472,65536,151,7,8,25166173
152438.759,8192,9969664,65536,152,0,8,25167175
152438.998,8192,9977856,65536,152,1,8,25167175
152439.222,8192,9986048,65536,152,2,8,25167175
152439.452,8192,9994240,65536,152,3,8,25167175
152439.677,8192,10002432,65536,152,4,8,25167175
152439.899,8192,10010624,65536,152,5,8,25167175
152440.123,8192,10018816,65536,152,6,8,25167175
152440.347,8192,10027008,65536,152,7,8,25167175
153440.751,8192,10035200,65536,153,0,8,25168177
153440.988,8192,10043392,65536,153,1,8,25168177
153441.214,8192,10051584,65536,153,2,8,25168177
153441.441,8192,10059776,65536,153,3,8,25168177
153441.664,8192,10067968,65536,153,4,8,25168177
153441.888,8192,10076160,65536,153,5,8,25168177
153442.113,8192,10084352,65536,153,6,8,25168177
153442.336,8192,10092544,65536,153,7,8,25168177
154442.744,8192,10100736,65536,154,0,8,25169179
154442.980,8192,10108928,65536,154,1,8,25169179
154443.206,8192,10117120,65536,154,2,8,25169179
154443.434,8192,10125312,65536,154,3,8,25169179
154443.656,8192,10133504,65536,154,4,8,25169179
154443.880,8192,10141696,65536,154,5,8,25169179
154444.104,8192,10149888,65536,154,6,8,25169179
154444.327,8192,10158080,65536,154,7,8,25169179
155444.741,8192,10166272,65536,155,0,8,25170181
155444.975,8192,10174464,65536,155,1,8,25170181
155445.201,8192,10182656,65536,155,2,8,25170181
155445.428,8192,10190848,65536,155,3,8,25170181
155445.653,8192,10199040,65536,155,4,8,25170181
155445.877,8192,10207232,65536,155,5,8,25170181
155446.102,8192,10215424,65536,155,6,8,25170181
155446.326,8192,10223616,65536,155,7,8,25170181
156446.739,8192,10231808,65536,156,0,8,25171183
156446.992,8192,10240000,65536,156,1,8,25171183
156447.216,8192,10248192,65536,156,2,8,25171183
156447.445,8192,10256384,65536,156,3,8,25171183
156447.670,8192,10264576,65536,156,4,8,25171183
156447.893,8192,10272768,65536,156,5,8,25171183
156448.118,8192,10280960,65536,156,6,8,25171183
156448.343,8192,10289152,65536,156,7,8,25171183
157448.784,8192,10297344,65536,157,0,8,25172185
157449.025,8192,10305536,65536,157,1,8,25172185
157449.247,8192,10313728,65536,157,2,8,25172185
157449.478,8192,10321920,65536,157,3,8,25172185
157449.702,8192,10330112,65536,157,4,8,25172185
157449.925,8192,10338304,65536,157,5,8,25172185
157450.150,8192,10346496,65536,157,6,8,25172185
157450.375,8192,10354688,65536,157,7,8,25172185
158450.788,8192,10362880,65536,158,0,8,25173187
158451.036,8192,10371072,65536,158,1,8,25173187
158451.262,8192,10379264,65536,158,2,8,25173187
158451.492,8192,10387456,65536,158,3,8,25173187
158451.717,8192,10395648,65536,158,4,8,25173187
158451.940,8192,10403840,65536,158,5,8,25173187
158452.165,8192,10412032,65536,158,6,8,25173187
158452.392,8192,10420224,65536,158,7,8,25173187
159452.811,8192,10428416,65536,159,0,8,25174189
159453.050,8192,10436608,65536,159,1,8,25174189
159453.272,8192,10444800,65536,159,2,8,25174189
159453.502,8192,10452992,65536,159,3,8,25174189
159453.725,8192,10461184,65536,159,4,8,25174189
159453.951,8192,10469376,65536,159,5,8,25174189
159454.173,8192,10477568,65536,159,6,8,25174189
159454.409,8192,10485760,65536,159,7,8,25174189
160454.831,8192,10493952,65536,160,0,8,25175191
160455.083,8192,10502144,65536,160,1,8,25175191
160455.314,8192,10510336,65536,160,2,8,25175191
160455.547,8192,10518528,65536,160,3,8,25175191
160455.776,8192,10526720,65536,160,4,8,25175191
160456.005,8192,10534912,65536,160,5,8,25175191
160456.237,8192,10543104,65536,160,6,8,25175191
160456.470,8192,10551296,65536,160,7,8,25175191
161456.897,8192,10559488,65536,161,0,8,25176193
161457.142,8192,10567680,65536,161,1,8,25176193
161457.377,8192,10575872,65536,161,2,8,25176193
161457.608,8192,10584064,65536,161,3,8,25176193
161457.839,8192,10592256,65536,161,4,8,25176193
161458.070,8192,10600448,65536,161,5,8,25176193
161458.298,8192,10608640,65536,161,6,8,25176193
161458.531,8192,10616832,65536,161,7,8,25176193
162458.964,8192,10625024,65536,162,0,8,25177195
162459.213,8192,10633216,65536,162,1,8,25177195
162459.445,8192,10641408,65536,162,2,8,25177195
162459.675,8192,10649600,65536,162,3,8,25177195
162459.905,8192,10657792,65536,162,4,8,25177195
162460.135,8192,10665984,65536,162,5,8,25177195
162460.368,8192,10674176,65536,162,6,8,25177195
162460.602,8192,10682368,65536,162,7,8,25177195
163461.038,8192,10690560,65536,163,0,8,25178197
163461.286,8192,10698752,65536,163,1,8,25178197
163461.518,8192,10706944,65536,163,2,8,25178197
163461.747,8192,10715136,65536,163,3,8,25178197
163461.978,8192,10723328,65536,163,4,8,25178197
163462.206,8192,10731520,65536,163,5,8,25178197
163462.442,8192,10739712,65536,163,6,8,25178197
163462.671,8192,10747904,65536,163,7,8,25178197
164463.108,8192,10756096,65536,164,0,8,25179199
164463.352,8192,10764288,65536,164,1,8,25179199
164463.587,8192,10772480,65536,164,2,8,25179199
164463.816,8192,10780672,65536,164,3,8,25179199
164464.046,8192,10788864,65536,164,4,8,25179199
164464.276,8192,10797056,65536,164,5,8,25179199
164464.510,8192,10805248,65536,164,6,8,25179199
164464.742,8192,10813440,65536,164,7,8,25179199
165465.157,8192,10821632,65536,165,0,8,25180201
165465.404,8192,10829824,65536,165,1,8,25180201
165465.637,8192,10838016,65536,165,2,8,25180201
165465.868,8192,10846208,65536,165,3,8,25180201
165466.098,8192,10854400,65536,165,4,8,25180201
165466.330,8192,10862592,65536,165,5,8,25180201
165466.564,8192,10870784,65536,165,6,8,25180201
165466.794,8192,10878976,65536,165,7,8,25180201
166467.214,8192,10887168,65536,166,0,8,25181203
166467.462,8192,10895360,65536,166,1,8,25181203
166467.692,8192,10903552,65536,166,2,8,25181203
166467.923,8192,10911744,65536,166,3,8,25181203
166468.153,8192,10919936,65536,166,4,8,25181203
166468.387,8192,10928128,65536,166,5,8,25181203
166468.615,8192,10936320,65536,166,6,8,25181203
166468.846,8192,10944512,65536,166,7,8,25181203
167469.276,8192,10952704,65536,167,0,8,25182205
167469.526,8192,10960896,65536,167,1,8,25182205
167469.757,8192,10969088,65536,167,2,8,25182205
167469.988,8192,10977280,65536,167,3,8,25182205
167470.220,8192,10985472,65536,167,4,8,25182205
167470.453,8192,10993664,65536,167,5,8,25182205
167470.684,8192,11001856,65536,167,6,8,25182205
167470.918,8192,11010048,65536,167,7,8,25182205
168471.346,8192,11018240,65536,168,0,8,25183207
168471.609,8192,11026432,65536,168,1,8,25183207
168471.838,8192,11034624,65536,168,2,8,25183207
168472.069,8192,11042816,65536,168,3,8,25183207
168472.299,8192,11051008,65536,168,4,8,25183207
168472.531,8192,11059200,65536,168,5,8,25183207
168472.760,8192,11067392,65536,168,6,8,25183207
168472.990,8192,11075584,65536,168,7,8,25183207
169473.435,8192,11083776,65536,169,0,8,25184209
169473.702,8192,11091968,65536,169,1,8,25184209
169473.937,8192,11100160,65536,169,2,8,25184209
169474.168,8192,11108352,65536,169,3,8,25184209
169474.402,8192,11116544,65536,169,4,8,25184209
169474.632,8192,11124736,65536,169,5,8,25184209
169474.862,8192,11132928,65536,169,6,8,25184209
169475.094,8192,11141120,65536,169,7,8,25184209
170475.518,8192,11149312,65536,170,0,8,25185211
170475.764,8192,11157504,65536,170,1,8,25185211
170475.996,8192,11165696,65536,170,2,8,25185211
170476.224,8192,11173888,65536,170,3,8,25185211
170476.479,8192,11182080,65536,170,4,8,25185211
170476.720,8192,11190272,65536,170,5,8,25185211
170476.954,8192,11198464,65536,170,6,8,25185211
170477.184,8192,11206656,65536,170,7,8,25185211
171477.604,8192,11214848,65536,171,0,8,25186213
171477.849,8192,11223040,65536,171,1,8,25186213
171478.082,8192,11231232,65536,171,2,8,25186213
171478.313,8192,11239424,65536,171,3,8,25186213
171478.548,8192,11247616,65536,171,4,8,25186213
171478.776,8192,11255808,65536,171,5,8,25186213
171479.006,8192,11264000,65536,171,6,8,25186213
171479.236,8192,11272192,65536,171,7,8,25186213
172479.646,8192,11280384,65536,172,0,8,25187216
172479.891,8192,11288576,65536,172,1,8,25187216
172480.120,8192,11296768,65536,172,2,8,25187216
172480.355,8192,11304960,65536,172,3,8,25187216
172480.585,8192,11313152,65536,172,4,8,25187216
172480.813,8192,11321344,65536,172,5,8,25187216
172481.042,8192,11329536,65536,172,6,8,25187216
172481.273,8192,11337728,65536,172,7,8,25187216
173481.670,8192,11345920,65536,173,0,8,25188218
173481.924,8192,11354112,65536,173,1,8,25188218
173482.156,8192,11362304,65536,173,2,8,25188218
173482.392,8192,11370496,65536,173,3,8,25188218
173482.623,8192,11378688,65536,173,4,8,25188218
173482.854,8192,11386880,65536,173,5,8,25188218
173483.086,8192,11395072,65536,173,6,8,25188218
173483.320,8192,11403264,65536,173,7,8,25188218
174483.671,8192,11411456,65536,174,0,8,25189220
174483.885,8192,11419648,65536,174,1,8,25189220
174484.092,8192,11427840,65536,174,2,8,25189220
174484.298,8192,11436032,65536,174,3,8,25189220
174484.507,8192,11444224,65536,174,4,8,25189220
174484.714,8192,11452416,65536,174,5,8,25189220
174484.920,8192,11460608,65536,174,6,8,25189220
174485.126,8192,11468800,65536,174,7,8,25189220
175485.494,8192,11476992,65536,175,0,8,25190221
175485.710,8192,11485184,65536,175,1,8,25190221
175485.914,8192,11493376,65536,175,2,8,25190221
175486.117,8192,11501568,65536,175,3,8,25190221
175486.321,8192,11509760,65536,175,4,8,25190221
175486.874,8192,11517952,65536,175,5,8,25190221
175487.081,8192,11526144,65536,175,6,8,25190221
175487.287,8192,11534336,65536,175,7,8,25190221
176487.915,8192,11542528,65536,176,0,8,25191224
176488.427,8192,11550720,65536,176,1,8,25191224
176488.870,8192,11558912,65536,176,2,8,25191224
176489.365,8192,11567104,65536,176,3,8,25191224
176489.811,8192,11575296,65536,176,4,8,25191224
176490.302,8192,11583488,65536,176,5,8,25191224
176490.763,8192,11591680,65536,176,6,8,25191224
176491.255,8192,11599872,65536,176,7,8,25191224
177491.898,8192,11608064,65536,177,0,8,25192228
177492.435,8192,11616256,65536,177,1,8,25192228
177492.914,8192,11624448,65536,177,2,8,25192228
177493.416,8192,11632640,65536,177,3,8,25192228
177493.862,8192,11640832,65536,177,4,8,25192228
177494.355,8192,11649024,65536,177,5,8,25192228
177494.803,8192,11657216,65536,177,6,8,25192228
177495.298,8192,11665408,65536,177,7,8,25192228
178495.941,8192,11673600,65536,178,0,8,25193232
178496.451,8192,11681792,65536,178,1,8,25193232
178496.896,8192,11689984,65536,178,2,8,25193232
178497.394,8192,11698176,65536,178,3,8,25193232
178497.837,8192,11706368,65536,178,4,8,25193232
178498.337,8192,11714560,65536,178,5,8,25193232
178498.803,8192,11722752,65536,178,6,8,25193232
178499.301,8192,11730944,65536,178,7,8,25193232
179500.005,8192,11739136,65536,179,0,8,25194236
179500.600,8192,11747328,65536,179,1,8,25194236
179501.060,8192,11755520,65536,179,2,8,25194236
179501.560,8192,11763712,65536,179,3,8,25194236
179502.006,8192,11771904,65536,179,4,8,25194236
179502.504,8192,11780096,65536,179,5,8,25194236
179502.948,8192,11788288,65536,179,6,8,25194236
179503.450,8192,11796480,65536,179,7,8,25194236
180504.129,8192,11804672,65536,180,0,8,25195240
180504.639,8192,11812864,65536,180,1,8,25195240
180505.080,8192,11821056,65536,180,2,8,25195240
180505.575,8192,11829248,65536,180,3,8,25195240
180506.018,8192,11837440,65536,180,4,8,25195240
180506.514,8192,11845632,65536,180,5,8,25195240
180506.960,8192,11853824,65536,180,6,8,25195240
180508.157,8192,11862016,65536,180,7,8,25195240
181508.847,8192,11870208,65536,181,0,8,25196244
181509.370,8192,11878400,65536,181,1,8,25196244
181509.817,8192,11886592,65536,181,2,8,25196244
181510.322,8192,11894784,65536,181,3,8,25196244
181510.780,8192,11902976,65536,181,4,8,25196244
181511.417,8192,11911168,65536,181,5,8,25196244
181511.865,8192,11919360,65536,181,6,8,25196244
181512.360,8192,11927552,65536,181,7,8,25196244
182513.009,8192,11935744,65536,182,0,8,25197249
182513.518,8192,11943936,65536,182,1,8,25197249
182513.967,8192,11952128,65536,182,2,8,25197249
182514.463,8192,11960320,65536,182,3,8,25197249
182514.905,8192,11968512,65536,182,4,8,25197249
182515.401,8192,11976704,65536,182,5,8,25197249
182515.845,8192,11984896,65536,182,6,8,25197249
182516.337,8192,11993088,65536,182,7,8,25197249
183516.986,8192,12001280,65536,183,0,8,25198253
183517.496,8192,12009472,65536,183,1,8,25198253
183517.939,8192,12017664,65536,183,2,8,25198253
183518.435,8192,12025856,65536,183,3,8,25198253
183518.890,8192,12034048,65536,183,4,8,25198253
183519.408,8192,12042240,65536,183,5,8,25198253
183519.848,8192,12050432,65536,183,6,8,25198253
183520.344,8192,12058624,65536,183,7,8,25198253
184520.995,8192,12066816,65536,184,0,8,25199257
184521.500,8192,12075008,65536,184,1,8,25199257
184521.943,8192,12083200,65536,184,2,8,25199257
184522.445,8192,12091392,65536,184,3,8,25199257
184522.889,8192,12099584,65536,184,4,8,25199257
184523.382,8192,12107776,65536,184,5,8,25199257
184523.829,8192,12115968,65536,184,6,8,25199257
184524.320,8192,12124160,65536,184,7,8,25199257
185524.732,8192,12132352,65536,185,0,8,25200261
185524.969,8192,12140544,65536,185,1,8,25200261
185525.192,8192,12148736,65536,185,2,8,25200261
185525.415,8192,12156928,65536,185,3,8,25200261
185525.636,8192,12165120,65536,185,4,8,25200261
185525.855,8192,12173312,65536,185,5,8,25200261
185526.077,8192,12181504,65536,185,6,8,25200261
185526.298,8192,12189696,65536,185,7,8,25200261
186526.711,8192,12197888,65536,186,0,8,25201263
186526.950,8192,12206080,65536,186,1,8,25201263
186527.173,8192,12214272,65536,186,2,8,25201263
186527.398,8192,12222464,65536,186,3,8,25201263
186527.619,8192,12230656,65536,186,4,8,25201263
186527.838,8192,12238848,65536,186,5,8,25201263
186528.059,8192,12247040,65536,186,6,8,25201263
186528.278,8192,12255232,65536,186,7,8,25201263
187528.672,8192,12263424,65536,187,0,8,25202265
187528.907,8192,12271616,65536,187,1,8,25202265
187529.129,8192,12279808,65536,187,2,8,25202265
187529.355,8192,12288000,65536,187,3,8,25202265
187529.577,8192,12296192,65536,187,4,8,25202265
187529.797,8192,12304384,65536,187,5,8,25202265
187530.018,8192,12312576,65536,187,6,8,25202265
187530.238,8192,12320768,65536,187,7,8,25202265
188530.916,8192,12328960,65536,188,0,8,25203267
188531.428,8192,12337152,65536,188,1,8,25203267
188531.876,8192,12345344,65536,188,2,8,25203267
188532.373,8192,12353536,65536,188,3,8,25203267
188532.802,8192,12361728,65536,188,4,8,25203267
188533.006,8192,12369920,65536,188,5,8,25203267
188533.208,8192,12378112,65536,188,6,8,25203267
188533.416,8192,12386304,65536,188,7,8,25203267
189534.059,8192,12394496,65536,189,0,8,25204270
189534.638,8192,12402688,65536,189,1,8,25204270
189535.093,8192,12410880,65536,189,2,8,25204270
189535.594,8192,12419072,65536,189,3,8,25204270
189536.039,8192,12427264,65536,189,4,8,25204270
189536.516,8192,12435456,65536,189,5,8,25204270
189536.719,8192,12443648,65536,189,6,8,25204270
189536.920,8192,12451840,65536,189,7,8,25204270
190537.579,8192,12460032,65536,190,0,8,25205273
190538.100,8192,12468224,65536,190,1,8,25205273
190538.547,8192,12476416,65536,190,2,8,25205273
190539.044,8192,12484608,65536,190,3,8,25205273
190539.491,8192,12492800,65536,190,4,8,25205273
190539.981,8192,12500992,65536,190,5,8,25205273
190540.280,8192,12509184,65536,190,6,8,25205273
190540.483,8192,12517376,65536,190,7,8,25205273
191541.153,8192,12525568,65536,191,0,8,25206277
191541.664,8192,12533760,65536,191,1,8,25206277
191542.108,8192,12541952,65536,191,2,8,25206277
191542.608,8192,12550144,65536,191,3,8,25206277
191543.053,8192,12558336,65536,191,4,8,25206277
191543.558,8192,12566528,65536,191,5,8,25206277
191543.982,8192,12574720,65536,191,6,8,25206277
191544.186,8192,12582912,65536,191,7,8,25206277
192545.296,8192,12591104,65536,192,0,8,25207280
192545.890,8192,12599296,65536,192,1,8,25207280
192546.346,8192,12607488,65536,192,2,8,25207280
192546.855,8192,12615680,65536,192,3,8,25207280
192547.306,8192,12623872,65536,192,4,8,25207280
192547.799,8192,12632064,65536,192,5,8,25207280
192548.243,8192,12640256,65536,192,6,8,25207280
192548.599,8192,12648448,65536,192,7,8,25207280
193549.259,8192,12656640,65536,193,0,8,25208285
193549.775,8192,12664832,65536,193,1,8,25208285
193550.214,8192,12673024,65536,193,2,8,25208285
193550.714,8192,12681216,65536,193,3,8,25208285
193551.158,8192,12689408,65536,193,4,8,25208285
193551.654,8192,12697600,65536,193,5,8,25208285
193552.096,8192,12705792,65536,193,6,8,25208285
193552.573,8192,12713984,65536,193,7,8,25208285
194553.237,8192,12722176,65536,194,0,8,25209289
194553.743,8192,12730368,65536,194,1,8,25209289
194554.184,8192,12738560,65536,194,2,8,25209289
194554.681,8192,12746752,65536,194,3,8,25209289
194555.127,8192,12754944,65536,194,4,8,25209289
194555.622,8192,12763136,65536,194,5,8,25209289
194556.070,8192,12771328,65536,194,6,8,25209289
194556.575,8192,12779520,65536,194,7,8,25209289
195557.270,8192,12787712,65536,195,0,8,25210293
195557.782,8192,12795904,65536,195,1,8,25210293
195558.231,8192,12804096,65536,195,2,8,25210293
195558.755,8192,12812288,65536,195,3,8,25210293
195559.213,8192,12820480,65536,195,4,8,25210293
195559.718,8192,12828672,65536,195,5,8,25210293
195560.174,8192,12836864,65536,195,6,8,25210293
195560.743,8192,12845056,65536,195,7,8,25210293
196561.407,8192,12853248,65536,196,0,8,25211297
196561.914,8192,12861440,65536,196,1,8,25211297
196562.370,8192,12869632,65536,196,2,8,25211297
196562.878,8192,12877824,65536,196,3,8,25211297
196563.321,8192,12886016,65536,196,4,8,25211297
196563.815,8192,12894208,65536,196,5,8,25211297
196564.258,8192,12902400,65536,196,6,8,25211297
196564.754,8192,12910592,65536,196,7,8,25211297
197565.465,8192,12918784,65536,197,0,8,25212301
197569.744,8192,12926976,65536,197,1,8,25212301
197570.245,8192,12935168,65536,197,2,8,25212301
197570.743,8192,12943360,65536,197,3,8,25212301
197571.188,8192,12951552,65536,197,4,8,25212301
197571.686,8192,12959744,65536,197,5,8,25212301
197572.130,8192,12967936,65536,197,6,8,25212301
197572.632,8192,12976128,65536,197,7,8,25212301
198573.322,8192,12984320,65536,198,0,8,25213309
198573.832,8192,12992512,65536,198,1,8,25213309
198574.292,8192,13000704,65536,198,2,8,25213309
198574.815,8192,13008896,65536,198,3,8,25213309
198575.431,8192,13017088,65536,198,4,8,25213309
198575.929,8192,13025280,65536,198,5,8,25213309
198576.378,8192,13033472,65536,198,6,8,25213309
198576.873,8192,13041664,65536,198,7,8,25213309
199577.577,8192,13049856,65536,199,0,8,25214313
199578.086,8192,13058048,65536,199,1,8,25214313
199578.533,8192,13066240,65536,199,2,8,25214313
199579.024,8192,13074432,65536,199,3,8,25214313
199579.473,8192,13082624,65536,199,4,8,25214313
199579.970,8192,13090816,65536,199,5,8,25214313
199580.416,8192,13099008,65536,199,6,8,25214313
199580.911,8192,13107200,65536,199,7,8,25214313
200581.604,8192,13115392,65536,200,0,8,25215317
200582.123,8192,13123584,65536,200,1,8,25215317
200582.575,8192,13131776,65536,200,2,8,25215317
200583.096,8192,13139968,65536,200,3,8,25215317
200583.550,8192,13148160,65536,200,4,8,25215317
200584.041,8192,13156352,65536,200,5,8,25215317
200584.562,8192,13164544,65536,200,6,8,25215317
200585.085,8192,13172736,65536,200,7,8,25215317
201585.783,8192,13180928,65536,201,0,8,25216321
201586.299,8192,13189120,65536,201,1,8,25216321
201586.751,8192,13197312,65536,201,2,8,25216321
201587.245,8192,13205504,65536,201,3,8,25216321
201587.695,8192,13213696,65536,201,4,8,25216321
201588.190,8192,13221888,65536,201,5,8,25216321
201588.644,8192,13230080,65536,201,6,8,25216321
201589.141,8192,13238272,65536,201,7,8,25216321
202589.844,8192,13246464,65536,202,0,8,25217325
202590.350,8192,13254656,65536,202,1,8,25217325
202590.800,8192,13262848,65536,202,2,8,25217325
202591.290,8192,13271040,65536,202,3,8,25217325
202591.735,8192,13279232,65536,202,4,8,25217325
202592.254,8192,13287424,65536,202,5,8,25217325
202592.764,8192,13295616,65536,202,6,8,25217325
202593.317,8192,13303808,65536,202,7,8,25217325
203594.021,8192,13312000,65536,203,0,8,25218330
203594.557,8192,13320192,65536,203,1,8,25218330
203595.012,8192,13328384,65536,203,2,8,25218330
203595.508,8192,13336576,65536,203,3,8,25218330
203595.958,8192,13344768,65536,203,4,8,25218330
203596.450,8192,13352960,65536,203,5,8,25218330
203596.897,8192,13361152,65536,203,6,8,25218330
203597.397,8192,13369344,65536,203,7,8,25218330
204598.098,8192,13377536,65536,204,0,8,25219334
204598.607,8192,13385728,65536,204,1,8,25219334
204599.055,8192,13393920,65536,204,2,8,25219334
204599.552,8192,13402112,65536,204,3,8,25219334
204599.994,8192,13410304,65536,204,4,8,25219334
204600.489,8192,13418496,65536,204,5,8,25219334
204600.933,8192,13426688,65536,204,6,8,25219334
204601.429,8192,13434880,65536,204,7,8,25219334
205602.104,8192,13443072,65536,205,0,8,25220338
205602.614,8192,13451264,65536,205,1,8,25220338
205603.060,8192,13459456,65536,205,2,8,25220338
205603.561,8192,13467648,65536,205,3,8,25220338
205604.031,8192,13475840,65536,205,4,8,25220338
205604.676,8192,13484032,65536,205,5,8,25220338
205605.131,8192,13492224,65536,205,6,8,25220338
205605.635,8192,13500416,65536,205,7,8,25220338
206606.356,8192,13508608,65536,206,0,8,25221342
206606.900,8192,13516800,65536,206,1,8,25221342
206607.346,8192,13524992,65536,206,2,8,25221342
206607.842,8192,13533184,65536,206,3,8,25221342
206608.287,8192,13541376,65536,206,4,8,25221342
206608.867,8192,13549568,65536,206,5,8,25221342
206609.396,8192,13557760,65536,206,6,8,25221342
206609.894,8192,13565952,65536,206,7,8,25221342
207610.622,8192,13574144,65536,207,0,8,25222346
207611.128,8192,13582336,65536,207,1,8,25222346
207611.576,8192,13590528,65536,207,2,8,25222346
207612.070,8192,13598720,65536,207,3,8,25222346
207612.517,8192,13606912,65536,207,4,8,25222346
207613.011,8192,13615104,65536,207,5,8,25222346
207613.457,8192,13623296,65536,207,6,8,25222346
207613.955,8192,13631488,65536,207,7,8,25222346
208614.655,8192,13639680,65536,208,0,8,25223350
208615.166,8192,13647872,65536,208,1,8,25223350
208615.621,8192,13656064,65536,208,2,8,25223350
208616.119,8192,13664256,65536,208,3,8,25223350
208616.568,8192,13672448,65536,208,4,8,25223350
208617.063,8192,13680640,65536,208,5,8,25223350
208617.513,8192,13688832,65536,208,6,8,25223350
208618.010,8192,13697024,65536,208,7,8,25223350
209618.723,8192,13705216,65536,209,0,8,25224354
209619.233,8192,13713408,65536,209,1,8,25224354
209619.681,8192,13721600,65536,209,2,8,25224354
209620.171,8192,13729792,65536,209,3,8,25224354
209620.622,8192,13737984,65536,209,4,8,25224354
209621.110,8192,13746176,65536,209,5,8,25224354
209621.561,8192,13754368,65536,209,6,8,25224354
209622.059,8192,13762560,65536,209,7,8,25224354
210622.771,8192,13770752,65536,210,0,8,25225358
210623.281,8192,13778944,65536,210,1,8,25225358
210623.731,8192,13787136,65536,210,2,8,25225358
210624.220,8192,13795328,65536,210,3,8,25225358
210624.669,8192,13803520,65536,210,4,8,25225358
210625.161,8192,13811712,65536,210,5,8,25225358
210625.609,8192,13819904,65536,210,6,8,25225358
210626.105,8192,13828096,65536,210,7,8,25225358
211626.795,8192,13836288,65536,211,0,8,25226362
211627.318,8192,13844480,65536,211,1,8,25226362
211627.767,8192,13852672,65536,211,2,8,25226362
211628.261,8192,13860864,65536,211,3,8,25226362
211628.712,8192,13869056,65536,211,4,8,25226362
211629.282,8192,13877248,65536,211,5,8,25226362
211629.742,8192,13885440,65536,211,6,8,25226362
211630.243,8192,13893632,65536,211,7,8,25226362
212630.983,8192,13901824,65536,212,0,8,25227367
212643.351,8192,13910016,65536,212,1,8,25227367
212643.859,8192,13918208,65536,212,2,8,25227367
212644.362,8192,13926400,65536,212,3,8,25227367
212644.808,8192,13934592,65536,212,4,8,25227367
212645.299,8192,13942784,65536,212,5,8,25227367
212645.747,8192,13950976,65536,212,6,8,25227367
212646.242,8192,13959168,65536,212,7,8,25227367
213646.930,8192,13967360,65536,213,0,8,25228383
213647.449,8192,13975552,65536,213,1,8,25228383
213647.892,8192,13983744,65536,213,2,8,25228383
213648.391,8192,13991936,65536,213,3,8,25228383
213648.856,8192,14000128,65536,213,4,8,25228383
213649.426,8192,14008320,65536,213,5,8,25228383
213649.878,8192,14016512,65536,213,6,8,25228383
213650.380,8192,14024704,65536,213,7,8,25228383
214651.062,8192,14032896,65536,214,0,8,25229387
214651.578,8192,14041088,65536,214,1,8,25229387
214652.191,8192,14049280,65536,214,2,8,25229387
214652.754,8192,14057472,65536,214,3,8,25229387
214653.199,8192,14065664,65536,214,4,8,25229387
214653.713,8192,14073856,65536,214,5,8,25229387
214654.183,8192,14082048,65536,214,6,8,25229387
214654.681,8192,14090240,65536,214,7,8,25229387
215655.367,8192,14098432,65536,215,0,8,25230391
215655.877,8192,14106624,65536,215,1,8,25230391
215656.322,8192,14114816,65536,215,2,8,25230391
215656.817,8192,14123008,65536,215,3,8,25230391
215657.263,8192,14131200,65536,215,4,8,25230391
215657.758,8192,14139392,65536,215,5,8,25230391
215658.206,8192,14147584,65536,215,6,8,25230391
215658.707,8192,14155776,65536,215,7,8,25230391
216659.416,8192,14163968,65536,216,0,8,25231395
216659.930,8192,14172160,65536,216,1,8,25231395
216660.380,8192,14180352,65536,216,2,8,25231395
216660.873,8192,14188544,65536,216,3,8,25231395
216661.319,8192,14196736,65536,216,4,8,25231395
216661.826,8192,14204928,65536,216,5,8,25231395
216662.302,8192,14213120,65536,216,6,8,25231395
216662.804,8192,14221312,65536,216,7,8,25231395
217663.261,8192,14229504,65536,217,0,8,25232399
217670.119,8192,14237696,65536,217,1,8,25232399
217670.408,8192,14245888,65536,217,2,8,25232399
217670.637,8192,14254080,65536,217,3,8,25232399
217670.863,8192,14262272,65536,217,4,8,25232399
217671.084,8192,14270464,65536,217,5,8,25232399
217671.305,8192,14278656,65536,217,6,8,25232399
217671.529,8192,14286848,65536,217,7,8,25232399
218671.964,8192,14295040,65536,218,0,8,25233408
218672.213,8192,14303232,65536,218,1,8,25233408
218672.457,8192,14311424,65536,218,2,8,25233408
218672.693,8192,14319616,65536,218,3,8,25233408
218672.913,8192,14327808,65536,218,4,8,25233408
218673.135,8192,14336000,65536,218,5,8,25233408
218673.361,8192,14344192,65536,218,6,8,25233408
218673.583,8192,14352384,65536,218,7,8,25233408
219674.011,8192,14360576,65536,219,0,8,25234410
219674.249,8192,14368768,65536,219,1,8,25234410
219674.476,8192,14376960,65536,219,2,8,25234410
219674.700,8192,14385152,65536,219,3,8,25234410
219674.920,8192,14393344,65536,219,4,8,25234410
219675.142,8192,14401536,65536,219,5,8,25234410
219675.366,8192,14409728,65536,219,6,8,25234410
219675.589,8192,14417920,65536,219,7,8,25234410
220676.000,8192,14426112,65536,220,0,8,25235412
220676.237,8192,14434304,65536,220,1,8,25235412
220676.459,8192,14442496,65536,220,2,8,25235412
220676.681,8192,14450688,65536,220,3,8,25235412
220676.904,8192,14458880,65536,220,4,8,25235412
220677.123,8192,14467072,65536,220,5,8,25235412
220677.344,8192,14475264,65536,220,6,8,25235412
220677.567,8192,14483456,65536,220,7,8,25235412
221678.075,8192,14491648,65536,221,0,8,25236414
221678.395,8192,14499840,65536,221,1,8,25236414
221678.643,8192,14508032,65536,221,2,8,25236414
221678.848,8192,14516224,65536,221,3,8,25236414
221679.049,8192,14524416,65536,221,4,8,25236414
221679.249,8192,14532608,65536,221,5,8,25236414
221679.457,8192,14540800,65536,221,6,8,25236414
221679.658,8192,14548992,65536,221,7,8,25236414
222680.818,8192,14557184,65536,222,0,8,25237416
222681.049,8192,14565376,65536,222,1,8,25237416
222681.252,8192,14573568,65536,222,2,8,25237416
222681.456,8192,14581760,65536,222,3,8,25237416
222681.655,8192,14589952,65536,222,4,8,25237416
222681.857,8192,14598144,65536,222,5,8,25237416
222682.059,8192,14606336,65536,222,6,8,25237416
222682.261,8192,14614528,65536,222,7,8,25237416
223682.945,8192,14622720,65536,223,0,8,25238419
223683.456,8192,14630912,65536,223,1,8,25238419
223683.906,8192,14639104,65536,223,2,8,25238419
223684.406,8192,14647296,65536,223,3,8,25238419
223684.854,8192,14655488,65536,223,4,8,25238419
223685.346,8192,14663680,65536,223,5,8,25238419
223685.770,8192,14671872,65536,223,6,8,25238419
223685.972,8192,14680064,65536,223,7,8,25238419
224686.632,8192,14688256,65536,224,0,8,25239422
224687.144,8192,14696448,65536,224,1,8,25239422
224687.610,8192,14704640,65536,224,2,8,25239422
224688.102,8192,14712832,65536,224,3,8,25239422
224688.549,8192,14721024,65536,224,4,8,25239422
224689.042,8192,14729216,65536,224,5,8,25239422
224689.489,8192,14737408,65536,224,6,8,25239422
224689.843,8192,14745600,65536,224,7,8,25239422
225690.552,8192,14753792,65536,225,0,8,25240426
225695.283,8192,14761984,65536,225,1,8,25240426
225695.743,8192,14770176,65536,225,2,8,25240426
225696.264,8192,14778368,65536,225,3,8,25240426
225696.730,8192,14786560,65536,225,4,8,25240426
225697.263,8192,14794752,65536,225,5,8,25240426
225698.134,8192,14802944,65536,225,6,8,25240426
225698.681,8192,14811136,65536,225,7,8,25240426
226699.372,8192,14819328,65536,226,0,8,25241435
226699.972,8192,14827520,65536,226,1,8,25241435
226700.445,8192,14835712,65536,226,2,8,25241435
226700.938,8192,14843904,65536,226,3,8,25241435
226701.386,8192,14852096,65536,226,4,8,25241435
226701.877,8192,14860288,65536,226,5,8,25241435
226702.318,8192,14868480,65536,226,6,8,25241435
226702.819,8192,14876672,65536,226,7,8,25241435
227703.494,8192,14884864,65536,227,0,8,25242439
227704.002,8192,14893056,65536,227,1,8,25242439
227704.448,8192,14901248,65536,227,2,8,25242439
227704.941,8192,14909440,65536,227,3,8,25242439
227705.389,8192,14917632,65536,227,4,8,25242439
227705.884,8192,14925824,65536,227,5,8,25242439
227706.328,8192,14934016,65536,227,6,8,25242439
227706.824,8192,14942208,65536,227,7,8,25242439
228707.499,8192,14950400,65536,228,0,8,25243443
228708.003,8192,14958592,65536,228,1,8,25243443
228708.453,8192,14966784,65536,228,2,8,25243443
228708.946,8192,14974976,65536,228,3,8,25243443
228709.394,8192,14983168,65536,228,4,8,25243443
228709.886,8192,14991360,65536,228,5,8,25243443
228710.356,8192,14999552,65536,228,6,8,25243443
228710.855,8192,15007744,65536,228,7,8,25243443
229711.518,8192,15015936,65536,229,0,8,25244447
229712.025,8192,15024128,65536,229,1,8,25244447
229712.470,8192,15032320,65536,229,2,8,25244447
229712.962,8192,15040512,65536,229,3,8,25244447
229713.410,8192,15048704,65536,229,4,8,25244447
229713.902,8192,15056896,65536,229,5,8,25244447
229714.343,8192,15065088,65536,229,6,8,25244447
229714.841,8192,15073280,65536,229,7,8,25244447
230715.509,8192,15081472,65536,230,0,8,25245451
230716.012,8192,15089664,65536,230,1,8,25245451
230716.521,8192,15097856,65536,230,2,8,25245451
230717.027,8192,15106048,65536,230,3,8,25245451
230717.477,8192,15114240,65536,230,4,8,25245451
230717.969,8192,15122432,65536,230,5,8,25245451
230718.420,8192,15130624,65536,230,6,8,25245451
230718.916,8192,15138816,65536,230,7,8,25245451
231719.636,8192,15147008,65536,231,0,8,25246455
231720.149,8192,15155200,65536,231,1,8,25246455
231720.602,8192,15163392,65536,231,2,8,25246455
231721.099,8192,15171584,65536,231,3,8,25246455
231721.542,8192,15179776,65536,231,4,8,25246455
231722.034,8192,15187968,65536,231,5,8,25246455
231722.481,8192,15196160,65536,231,6,8,25246455
231722.975,8192,15204352,65536,231,7,8,25246455
232723.674,8192,15212544,65536,232,0,8,25247459
232724.195,8192,15220736,65536,232,1,8,25247459
232724.642,8192,15228928,65536,232,2,8,25247459
232725.133,8192,15237120,65536,232,3,8,25247459
232725.579,8192,15245312,65536,232,4,8,25247459
232726.071,8192,15253504,65536,232,5,8,25247459
232726.517,8192,15261696,65536,232,6,8,25247459
232727.011,8192,15269888,65536,232,7,8,25247459
233727.688,8192,15278080,65536,233,0,8,25248463
233728.206,8192,15286272,65536,233,1,8,25248463
233728.670,8192,15294464,65536,233,2,8,25248463
233729.164,8192,15302656,65536,233,3,8,25248463
233729.615,8192,15310848,65536,233,4,8,25248463
233730.110,8192,15319040,65536,233,5,8,25248463
233730.560,8192,15327232,65536,233,6,8,25248463
233734.183,8192,15335424,65536,233,7,8,25248463
234734.875,8192,15343616,65536,234,0,8,25249470
234735.382,8192,15351808,65536,234,1,8,25249470
234735.827,8192,15360000,65536,234,2,8,25249470
234736.320,8192,15368192,65536,234,3,8,25249470
234736.770,8192,15376384,65536,234,4,8,25249470
234737.264,8192,15384576,65536,234,5,8,25249470
234737.712,8192,15392768,65536,234,6,8,25249470
234738.208,8192,15400960,65536,234,7,8,25249470
235738.898,8192,15409152,65536,235,0,8,25250475
235739.411,8192,15417344,65536,235,1,8,25250475
235739.857,8192,15425536,65536,235,2,8,25250475
235740.352,8192,15433728,65536,235,3,8,25250475
235740.872,8192,15441920,65536,235,4,8,25250475
235741.378,8192,15450112,65536,235,5,8,25250475
235741.847,8192,15458304,65536,235,6,8,25250475
235742.342,8192,15466496,65536,235,7,8,25250475
236743.044,8192,15474688,65536,236,0,8,25251479
236743.556,8192,15482880,65536,236,1,8,25251479
236744.001,8192,15491072,65536,236,2,8,25251479
236744.497,8192,15499264,65536,236,3,8,25251479
236744.945,8192,15507456,65536,236,4,8,25251479
236745.441,8192,15515648,65536,236,5,8,25251479
236745.885,8192,15523840,65536,236,6,8,25251479
236746.389,8192,15532032,65536,236,7,8,25251479
237747.081,8192,15540224,65536,237,0,8,25252483
237747.599,8192,15548416,65536,237,1,8,25252483
237748.046,8192,15556608,65536,237,2,8,25252483
237748.542,8192,15564800,65536,237,3,8,25252483
237748.984,8192,15572992,65536,237,4,8,25252483
237749.481,8192,15581184,65536,237,5,8,25252483
237749.929,8192,15589376,65536,237,6,8,25252483
237750.428,8192,15597568,65536,237,7,8,25252483
238751.103,8192,15605760,65536,238,0,8,25253487
238751.608,8192,15613952,65536,238,1,8,25253487
238752.051,8192,15622144,65536,238,2,8,25253487
238752.549,8192,15630336,65536,238,3,8,25253487
238752.992,8192,15638528,65536,238,4,8,25253487
238753.490,8192,15646720,65536,238,5,8,25253487
238753.932,8192,15654912,65536,238,6,8,25253487
238754.434,8192,15663104,65536,238,7,8,25253487
239755.089,8192,15671296,65536,239,0,8,25254491
239755.596,8192,15679488,65536,239,1,8,25254491
239756.040,8192,15687680,65536,239,2,8,25254491
239756.533,8192,15695872,65536,239,3,8,25254491
239756.977,8192,15704064,65536,239,4,8,25254491
239757.470,8192,15712256,65536,239,5,8,25254491
239757.913,8192,15720448,65536,239,6,8,25254491
239758.469,8192,15728640,65536,239,7,8,25254491
240759.166,8192,15736832,65536,240,0,8,25255495
240759.675,8192,15745024,65536,240,1,8,25255495
240760.121,8192,15753216,65536,240,2,8,25255495
240760.618,8192,15761408,65536,240,3,8,25255495
240761.063,8192,15769600,65536,240,4,8,25255495
240761.729,8192,15777792,65536,240,5,8,25255495
240762.180,8192,15785984,65536,240,6,8,25255495
240762.713,8192,15794176,65536,240,7,8,25255495
241763.415,8192,15802368,65536,241,0,8,25256499
241763.941,8192,15810560,65536,241,1,8,25256499
241764.403,8192,15818752,65536,241,2,8,25256499
241764.905,8192,15826944,65536,241,3,8,25256499
241765.359,8192,15835136,65536,241,4,8,25256499
241765.851,8192,15843328,65536,241,5,8,25256499
241766.300,8192,15851520,65536,241,6,8,25256499
241766.799,8192,15859712,65536,241,7,8,25256499
242767.483,8192,15867904,65536,242,0,8,25257503
242768.202,8192,15876096,65536,242,1,8,25257503
242768.851,8192,15884288,65536,242,2,8,25257503
242769.405,8192,15892480,65536,242,3,8,25257503
242769.853,8192,15900672,65536,242,4,8,25257503
242770.346,8192,15908864,65536,242,5,8,25257503
242770.796,8192,15917056,65536,242,6,8,25257503
242771.293,8192,15925248,65536,242,7,8,25257503
243771.961,8192,15933440,65536,243,0,8,25258508
243772.487,8192,15941632,65536,243,1,8,25258508
243772.935,8192,15949824,65536,243,2,8,25258508
243773.433,8192,15958016,65536,243,3,8,25258508
243773.878,8192,15966208,65536,243,4,8,25258508
243774.379,8192,15974400,65536,243,5,8,25258508
243774.840,8192,15982592,65536,243,6,8,25258508
243775.336,8192,15990784,65536,243,7,8,25258508
244776.032,8192,15998976,65536,244,0,8,25259512
244776.543,8192,16007168,65536,244,1,8,25259512
244776.991,8192,16015360,65536,244,2,8,25259512
244777.489,8192,16023552,65536,244,3,8,25259512
244777.933,8192,16031744,65536,244,4,8,25259512
244778.432,8192,16039936,65536,244,5,8,25259512
244778.882,8192,16048128,65536,244,6,8,25259512
244779.379,8192,16056320,65536,244,7,8,25259512
245780.066,8192,16064512,65536,245,0,8,25260516
245780.634,8192,16072704,65536,245,1,8,25260516
245781.080,8192,16080896,65536,245,2,8,25260516
245781.579,8192,16089088,65536,245,3,8,25260516
245782.025,8192,16097280,65536,245,4,8,25260516
245782.525,8192,16105472,65536,245,5,8,25260516
245782.970,8192,16113664,65536,245,6,8,25260516
245783.471,8192,16121856,65536,245,7,8,25260516
246784.587,8192,16130048,65536,246,0,8,25261520
246785.107,8192,16138240,65536,246,1,8,25261520
246785.552,8192,16146432,65536,246,2,8,25261520
246786.048,8192,16154624,65536,246,3,8,25261520
246786.493,8192,16162816,65536,246,4,8,25261520
246786.986,8192,16171008,65536,246,5,8,25261520
246787.433,8192,16179200,65536,246,6,8,25261520
246787.927,8192,16187392,65536,246,7,8,25261520
247788.612,8192,16195584,65536,247,0,8,25262524
247789.116,8192,16203776,65536,247,1,8,25262524
247789.564,8192,16211968,65536,247,2,8,25262524
247790.058,8192,16220160,65536,247,3,8,25262524
247790.587,8192,16228352,65536,247,4,8,25262524
247791.110,8192,16236544,65536,247,5,8,25262524
247791.562,8192,16244736,65536,247,6,8,25262524
247792.058,8192,16252928,65536,247,7,8,25262524
248792.713,8192,16261120,65536,248,0,8,25263528
248793.217,8192,16269312,65536,248,1,8,25263528
248793.746,8192,16277504,65536,248,2,8,25263528
248794.256,8192,16285696,65536,248,3,8,25263528
248794.703,8192,16293888,65536,248,4,8,25263528
248795.197,8192,16302080,65536,248,5,8,25263528
248795.650,8192,16310272,65536,248,6,8,25263528
248796.144,8192,16318464,65536,248,7,8,25263528
249796.824,8192,16326656,65536,249,0,8,25264532
249797.336,8192,16334848,65536,249,1,8,25264532
249797.794,8192,16343040,65536,249,2,8,25264532
249798.305,8192,16351232,65536,249,3,8,25264532
249798.756,8192,16359424,65536,249,4,8,25264532
249799.336,8192,16367616,65536,249,5,8,25264532
249799.808,8192,16375808,65536,249,6,8,25264532
249800.303,8192,16384000,65536,249,7,8,25264532
250800.979,8192,16392192,65536,250,0,8,25265537
250801.508,8192,16400384,65536,250,1,8,25265537
250802.047,8192,16408576,65536,250,2,8,25265537
250802.558,8192,16416768,65536,250,3,8,25265537
250803.002,8192,16424960,65536,250,4,8,25265537
250803.504,8192,16433152,65536,250,5,8,25265537
250803.954,8192,16441344,65536,250,6,8,25265537
250804.452,8192,16449536,65536,250,7,8,25265537
251805.153,8192,16457728,65536,251,0,8,25266541
251805.666,8192,16465920,65536,251,1,8,25266541
251806.198,8192,16474112,65536,251,2,8,25266541
251806.702,8192,16482304,65536,251,3,8,25266541
251807.144,8192,16490496,65536,251,4,8,25266541
251807.643,8192,16498688,65536,251,5,8,25266541
251808.089,8192,16506880,65536,251,6,8,25266541
251808.589,8192,16515072,65536,251,7,8,25266541
252809.269,8192,16523264,65536,252,0,8,25267545
252809.779,8192,16531456,65536,252,1,8,25267545
252810.221,8192,16539648,65536,252,2,8,25267545
252810.728,8192,16547840,65536,252,3,8,25267545
252811.171,8192,16556032,65536,252,4,8,25267545
252811.665,8192,16564224,65536,252,5,8,25267545
252812.109,8192,16572416,65536,252,6,8,25267545
252812.606,8192,16580608,65536,252,7,8,25267545
253813.266,8192,16588800,65536,253,0,8,25268549
253813.778,8192,16596992,65536,253,1,8,25268549
253814.223,8192,16605184,65536,253,2,8,25268549
253814.722,8192,16613376,65536,253,3,8,25268549
253815.164,8192,16621568,65536,253,4,8,25268549
253815.665,8192,16629760,65536,253,5,8,25268549
253816.112,8192,16637952,65536,253,6,8,25268549
253816.608,8192,16646144,65536,253,7,8,25268549
254817.277,8192,16654336,65536,254,0,8,25269553
254817.795,8192,16662528,65536,254,1,8,25269553
254818.239,8192,16670720,65536,254,2,8,25269553
254818.739,8192,16678912,65536,254,3,8,25269553
254819.183,8192,16687104,65536,254,4,8,25269553
254819.747,8192,16695296,65536,254,5,8,25269553
254820.228,8192,16703488,65536,254,6,8,25269553
254820.743,8192,16711680,65536,254,7,8,25269553
255821.407,8192,16719872,65536,255,0,8,25270557
255821.914,8192,16728064,65536,255,1,8,25270557
255822.367,8192,16736256,65536,255,2,8,25270557
255822.864,8192,16744448,65536,255,3,8,25270557
255823.309,8192,16752640,65536,255,4,8,25270557
255823.806,8192,16760832,65536,255,5,8,25270557
255824.249,8192,16769024,65536,255,6,8,25270557
255826.931,8192,16777216,65536,255,7,8,25270557
256827.690,8192,16785408,65536,256,0,8,25271563
256829.269,8192,16793600,65536,256,1,8,25271563
256829.794,8192,16801792,65536,256,2,8,25271563
256830.293,8192,16809984,65536,256,3,8,25271563
256830.741,8192,16818176,65536,256,4,8,25271563
256831.234,8192,16826368,65536,256,5,8,25271563
256831.683,8192,16834560,65536,256,6,8,25271563
256832.176,8192,16842752,65536,256,7,8,25271563
257832.863,8192,16850944,65536,257,0,8,25272568
257833.374,8192,16859136,65536,257,1,8,25272568
257833.821,8192,16867328,65536,257,2,8,25272568
257834.341,8192,16875520,65536,257,3,8,25272568
257834.797,8192,16883712,65536,257,4,8,25272568
257835.294,8192,16891904,65536,257,5,8,25272568
257835.744,8192,16900096,65536,257,6,8,25272568
257836.237,8192,16908288,65536,257,7,8,25272568
258836.953,8192,16916480,65536,258,0,8,25273573
258837.470,8192,16924672,65536,258,1,8,25273573
258837.919,8192,16932864,65536,258,2,8,25273573
258838.417,8192,16941056,65536,258,3,8,25273573
258838.863,8192,16949248,65536,258,4,8,25273573
258839.357,8192,16957440,65536,258,5,8,25273573
258839.804,8192,16965632,65536,258,6,8,25273573
258840.303,8192,16973824,65536,258,7,8,25273573
259840.966,8192,16982016,65536,259,0,8,25274577
259841.475,8192,16990208,65536,259,1,8,25274577
259841.919,8192,16998400,65536,259,2,8,25274577
259842.416,8192,17006592,65536,259,3,8,25274577
259842.860,8192,17014784,65536,259,4,8,25274577
259843.350,8192,17022976,65536,259,5,8,25274577
259843.800,8192,17031168,65536,259,6,8,25274577
259844.293,8192,17039360,65536,259,7,8,25274577
260844.984,8192,17047552,65536,260,0,8,25275581
260845.639,8192,17055744,65536,260,1,8,25275581
260846.105,8192,17063936,65536,260,2,8,25275581
260846.607,8192,17072128,65536,260,3,8,25275581
260847.054,8192,17080320,65536,260,4,8,25275581
260847.549,8192,17088512,65536,260,5,8,25275581
260847.995,8192,17096704,65536,260,6,8,25275581
260848.492,8192,17104896,65536,260,7,8,25275581
261849.169,8192,17113088,65536,261,0,8,25276585
261849.677,8192,17121280,65536,261,1,8,25276585
261850.122,8192,17129472,65536,261,2,8,25276585
261850.623,8192,17137664,65536,261,3,8,25276585
261851.068,8192,17145856,65536,261,4,8,25276585
261851.566,8192,17154048,65536,261,5,8,25276585
261852.008,8192,17162240,65536,261,6,8,25276585
261852.508,8192,17170432,65536,261,7,8,25276585
262853.178,8192,17178624,65536,262,0,8,25277589
262853.687,8192,17186816,65536,262,1,8,25277589
262854.132,8192,17195008,65536,262,2,8,25277589
262854.630,8192,17203200,65536,262,3,8,25277589
262855.078,8192,17211392,65536,262,4,8,25277589
262855.573,8192,17219584,65536,262,5,8,25277589
262856.018,8192,17227776,65536,262,6,8,25277589
262856.517,8192,17235968,65536,262,7,8,25277589
263857.185,8192,17244160,65536,263,0,8,25278593
263857.692,8192,17252352,65536,263,1,8,25278593
263858.133,8192,17260544,65536,263,2,8,25278593
263858.631,8192,17268736,65536,263,3,8,25278593
263859.074,8192,17276928,65536,263,4,8,25278593
263859.568,8192,17285120,65536,263,5,8,25278593
263860.206,8192,17293312,65536,263,6,8,25278593
263860.707,8192,17301504,65536,263,7,8,25278593
264861.374,8192,17309696,65536,264,0,8,25279597
264861.894,8192,17317888,65536,264,1,8,25279597
264862.342,8192,17326080,65536,264,2,8,25279597
264862.841,8192,17334272,65536,264,3,8,25279597
264863.287,8192,17342464,65536,264,4,8,25279597
264863.810,8192,17350656,65536,264,5,8,25279597
264864.379,8192,17358848,65536,264,6,8,25279597
264864.928,8192,17367040,65536,264,7,8,25279597
265865.630,8192,17375232,65536,265,0,8,25280601
265866.138,8192,17383424,65536,265,1,8,25280601
265866.592,8192,17391616,65536,265,2,8,25280601
265867.087,8192,17399808,65536,265,3,8,25280601
265867.540,8192,17408000,65536,265,4,8,25280601
265868.036,8192,17416192,65536,265,5,8,25280601
265868.487,8192,17424384,65536,265,6,8,25280601
265868.984,8192,17432576,65536,265,7,8,25280601
266869.679,8192,17440768,65536,266,0,8,25281605
266870.199,8192,17448960,65536,266,1,8,25281605
266870.653,8192,17457152,65536,266,2,8,25281605
266871.146,8192,17465344,65536,266,3,8,25281605
266871.594,8192,17473536,65536,266,4,8,25281605
266872.085,8192,17481728,65536,266,5,8,25281605
266872.535,8192,17489920,65536,266,6,8,25281605
266873.030,8192,17498112,65536,266,7,8,25281605
267873.709,8192,17506304,65536,267,0,8,25282609
267874.220,8192,17514496,65536,267,1,8,25282609
267874.671,8192,17522688,65536,267,2,8,25282609
267875.164,8192,17530880,65536,267,3,8,25282609
267875.614,8192,17539072,65536,267,4,8,25282609
267876.107,8192,17547264,65536,267,5,8,25282609
267876.554,8192,17555456,65536,267,6,8,25282609
267877.047,8192,17563648,65536,267,7,8,25282609
268877.706,8192,17571840,65536,268,0,8,25283613
268878.211,8192,17580032,65536,268,1,8,25283613
268878.667,8192,17588224,65536,268,2,8,25283613
268879.161,8192,17596416,65536,268,3,8,25283613
268879.610,8192,17604608,65536,268,4,8,25283613
268880.108,8192,17612800,65536,268,5,8,25283613
268880.557,8192,17620992,65536,268,6,8,25283613
268881.054,8192,17629184,65536,268,7,8,25283613
269881.716,8192,17637376,65536,269,0,8,25284617
269882.220,8192,17645568,65536,269,1,8,25284617
269882.674,8192,17653760,65536,269,2,8,25284617
269883.168,8192,17661952,65536,269,3,8,25284617
269883.614,8192,17670144,65536,269,4,8,25284617
269884.107,8192,17678336,65536,269,5,8,25284617
269884.556,8192,17686528,65536,269,6,8,25284617
269885.046,8192,17694720,65536,269,7,8,25284617
270885.708,8192,17702912,65536,270,0,8,25285621
270886.213,8192,17711104,65536,270,1,8,25285621
270886.662,8192,17719296,65536,270,2,8,25285621
270887.156,8192,17727488,65536,270,3,8,25285621
270887.668,8192,17735680,65536,270,4,8,25285621
270888.181,8192,17743872,65536,270,5,8,25285621
270888.640,8192,17752064,65536,270,6,8,25285621
270889.490,8192,17760256,65536,270,7,8,25285621
271890.159,8192,17768448,65536,271,0,8,25286626
271890.674,8192,17776640,65536,271,1,8,25286626
271891.122,8192,17784832,65536,271,2,8,25286626
271891.627,8192,17793024,65536,271,3,8,25286626
271892.073,8192,17801216,65536,271,4,8,25286626
271892.571,8192,17809408,65536,271,5,8,25286626
271893.016,8192,17817600,65536,271,6,8,25286626
271893.519,8192,17825792,65536,271,7,8,25286626
272894.197,8192,17833984,65536,272,0,8,25287630
272894.709,8192,17842176,65536,272,1,8,25287630
272897.004,8192,17850368,65536,272,2,8,25287630
272897.579,8192,17858560,65536,272,3,8,25287630
272898.038,8192,17866752,65536,272,4,8,25287630
272898.539,8192,17874944,65536,272,5,8,25287630
272899.014,8192,17883136,65536,272,6,8,25287630
272899.529,8192,17891328,65536,272,7,8,25287630
273900.201,8192,17899520,65536,273,0,8,25288636
273900.709,8192,17907712,65536,273,1,8,25288636
273901.155,8192,17915904,65536,273,2,8,25288636
273901.652,8192,17924096,65536,273,3,8,25288636
273902.094,8192,17932288,65536,273,4,8,25288636
273902.591,8192,17940480,65536,273,5,8,25288636
273903.033,8192,17948672,65536,273,6,8,25288636
273903.560,8192,17956864,65536,273,7,8,25288636
274904.231,8192,17965056,65536,274,0,8,25289640
274904.738,8192,17973248,65536,274,1,8,25289640
274905.177,8192,17981440,65536,274,2,8,25289640
274905.674,8192,17989632,65536,274,3,8,25289640
274906.115,8192,17997824,65536,274,4,8,25289640
274906.615,8192,18006016,65536,274,5,8,25289640
274907.072,8192,18014208,65536,274,6,8,25289640
274907.576,8192,18022400,65536,274,7,8,25289640
275908.230,8192,18030592,65536,275,0,8,25290644
275908.749,8192,18038784,65536,275,1,8,25290644
275909.196,8192,18046976,65536,275,2,8,25290644
275909.693,8192,18055168,65536,275,3,8,25290644
275910.134,8192,18063360,65536,275,4,8,25290644
275910.630,8192,18071552,65536,275,5,8,25290644
275911.071,8192,18079744,65536,275,6,8,25290644
275911.571,8192,18087936,65536,275,7,8,25290644
276912.232,8192,18096128,65536,276,0,8,25291648
276912.739,8192,18104320,65536,276,1,8,25291648
276913.181,8192,18112512,65536,276,2,8,25291648
276913.677,8192,18120704,65536,276,3,8,25291648
276914.121,8192,18128896,65536,276,4,8,25291648
276914.618,8192,18137088,65536,276,5,8,25291648
276915.063,8192,18145280,65536,276,6,8,25291648
276915.634,8192,18153472,65536,276,7,8,25291648
277916.291,8192,18161664,65536,277,0,8,25292652
277916.802,8192,18169856,65536,277,1,8,25292652
277917.246,8192,18178048,65536,277,2,8,25292652
277917.747,8192,18186240,65536,277,3,8,25292652
277918.191,8192,18194432,65536,277,4,8,25292652
277918.689,8192,18202624,65536,277,5,8,25292652
277919.132,8192,18210816,65536,277,6,8,25292652
277919.629,8192,18219008,65536,277,7,8,25292652
278920.287,8192,18227200,65536,278,0,8,25293656
278920.798,8192,18235392,65536,278,1,8,25293656
278921.253,8192,18243584,65536,278,2,8,25293656
278922.151,8192,18251776,65536,278,3,8,25293656
278923.062,8192,18259968,65536,278,4,8,25293656
278923.603,8192,18268160,65536,278,5,8,25293656
278924.232,8192,18276352,65536,278,6,8,25293656
278924.748,8192,18284544,65536,278,7,8,25293656
279925.165,8192,18292736,65536,279,0,8,25294661
279925.409,8192,18300928,65536,279,1,8,25294661
279925.633,8192,18309120,65536,279,2,8,25294661
279925.856,8192,18317312,65536,279,3,8,25294661
279926.079,8192,18325504,65536,279,4,8,25294661
279926.300,8192,18333696,65536,279,5,8,25294661
279926.525,8192,18341888,65536,279,6,8,25294661
279926.749,8192,18350080,65536,279,7,8,25294661
280927.155,8192,18358272,65536,280,0,8,25295663
280927.394,8192,18366464,65536,280,1,8,25295663
280927.618,8192,18374656,65536,280,2,8,25295663
280927.839,8192,18382848,65536,280,3,8,25295663
280928.063,8192,18391040,65536,280,4,8,25295663
280928.286,8192,18399232,65536,280,5,8,25295663
280928.512,8192,18407424,65536,280,6,8,25295663
280928.736,8192,18415616,65536,280,7,8,25295663
281929.147,8192,18423808,65536,281,0,8,25296665
281929.391,8192,18432000,65536,281,1,8,25296665
281929.615,8192,18440192,65536,281,2,8,25296665
281929.835,8192,18448384,65536,281,3,8,25296665
281930.060,8192,18456576,65536,281,4,8,25296665
281930.284,8192,18464768,65536,281,5,8,25296665
281930.509,8192,18472960,65536,281,6,8,25296665
281930.732,8192,18481152,65536,281,7,8,25296665
282931.156,8192,18489344,65536,282,0,8,25297667
282931.400,8192,18497536,65536,282,1,8,25297667
282931.625,8192,18505728,65536,282,2,8,25297667
282931.848,8192,18513920,65536,282,3,8,25297667
282932.071,8192,18522112,65536,282,4,8,25297667
282932.295,8192,18530304,65536,282,5,8,25297667
282932.520,8192,18538496,65536,282,6,8,25297667
282932.745,8192,18546688,65536,282,7,8,25297667
283933.400,8192,18554880,65536,283,0,8,25298669
283933.906,8192,18563072,65536,283,1,8,25298669
283934.349,8192,18571264,65536,283,2,8,25298669
283934.854,8192,18579456,65536,283,3,8,25298669
283935.302,8192,18587648,65536,283,4,8,25298669
283935.741,8192,18595840,65536,283,5,8,25298669
283935.944,8192,18604032,65536,283,6,8,25298669
283936.145,8192,18612224,65536,283,7,8,25298669
284936.824,8192,18620416,65536,284,0,8,25299672
284937.333,8192,18628608,65536,284,1,8,25299672
284937.779,8192,18636800,65536,284,2,8,25299672
284938.272,8192,18644992,65536,284,3,8,25299672
284938.720,8192,18653184,65536,284,4,8,25299672
284939.212,8192,18661376,65536,284,5,8,25299672
284939.516,8192,18669568,65536,284,6,8,25299672
284939.720,8192,18677760,65536,284,7,8,25299672
285940.392,8192,18685952,65536,285,0,8,25300676
285940.899,8192,18694144,65536,285,1,8,25300676
285941.341,8192,18702336,65536,285,2,8,25300676
285941.838,8192,18710528,65536,285,3,8,25300676
285942.283,8192,18718720,65536,285,4,8,25300676
285942.846,8192,18726912,65536,285,5,8,25300676
285943.370,8192,18735104,65536,285,6,8,25300676
285943.587,8192,18743296,65536,285,7,8,25300676
286944.254,8192,18751488,65536,286,0,8,25301680
286944.778,8192,18759680,65536,286,1,8,25301680
286945.224,8192,18767872,65536,286,2,8,25301680
286945.798,8192,18776064,65536,286,3,8,25301680
286946.306,8192,18784256,65536,286,4,8,25301680
286946.835,8192,18792448,65536,286,5,8,25301680
286947.283,8192,18800640,65536,286,6,8,25301680
286947.641,8192,18808832,65536,286,7,8,25301680
287948.307,8192,18817024,65536,287,0,8,25302684
287948.820,8192,18825216,65536,287,1,8,25302684
287949.263,8192,18833408,65536,287,2,8,25302684
287949.759,8192,18841600,65536,287,3,8,25302684
287950.204,8192,18849792,65536,287,4,8,25302684
287950.699,8192,18857984,65536,287,5,8,25302684
287951.145,8192,18866176,65536,287,6,8,25302684
287951.626,8192,18874368,65536,287,7,8,25302684
288952.330,8192,18882560,65536,288,0,8,25303688
288952.909,8192,18890752,65536,288,1,8,25303688
288953.365,8192,18898944,65536,288,2,8,25303688
288953.864,8192,18907136,65536,288,3,8,25303688
288954.340,8192,18915328,65536,288,4,8,25303688
288954.846,8192,18923520,65536,288,5,8,25303688
288955.296,8192,18931712,65536,288,6,8,25303688
288955.794,8192,18939904,65536,288,7,8,25303688
289956.470,8192,18948096,65536,289,0,8,25304692
289956.977,8192,18956288,65536,289,1,8,25304692
289957.422,8192,18964480,65536,289,2,8,25304692
289957.913,8192,18972672,65536,289,3,8,25304692
289958.358,8192,18980864,65536,289,4,8,25304692
289958.883,8192,18989056,65536,289,5,8,25304692
289959.331,8192,18997248,65536,289,6,8,25304692
289959.832,8192,19005440,65536,289,7,8,25304692
290960.505,8192,19013632,65536,290,0,8,25305696
